sp,press,z,press_lat
Boli_infu,1,-37.81,0
Boli_infu,1,-37.43,0
Boli_infu,1,-37.05,0
Boli_infu,1,-36.67,-23.2908
Boli_infu,1,-36.29,-19.618
Boli_infu,1,-35.91,15.756
Boli_infu,1,-35.53,6.456
Boli_infu,1,-35.15,1.847
Boli_infu,1,-34.77,-11.272
Boli_infu,1,-34.39,8.967
Boli_infu,1,-34.01,2.14
Boli_infu,1,-33.63,1.925
Boli_infu,1,-33.25,5.668
Boli_infu,1,-32.87,10.58
Boli_infu,1,-32.49,12.317
Boli_infu,1,-32.11,3.914
Boli_infu,1,-31.73,-0.895
Boli_infu,1,-31.35,7.302
Boli_infu,1,-30.97,15.135
Boli_infu,1,-30.59,16.145
Boli_infu,1,-30.21,21.114
Boli_infu,1,-29.83,11.262
Boli_infu,1,-29.45,31.081
Boli_infu,1,-29.07,34.549
Boli_infu,1,-28.69,35.924
Boli_infu,1,-28.31,48.567
Boli_infu,1,-27.93,41.918
Boli_infu,1,-27.55,25.76
Boli_infu,1,-27.17,33.76
Boli_infu,1,-26.79,55.798
Boli_infu,1,-26.41,53.05
Boli_infu,1,-26.03,42.305
Boli_infu,1,-25.65,52.555
Boli_infu,1,-25.27,50.042
Boli_infu,1,-24.89,36.91
Boli_infu,1,-24.51,44.603
Boli_infu,1,-24.13,35.835
Boli_infu,1,-23.75,40.051
Boli_infu,1,-23.37,36.962
Boli_infu,1,-22.99,-5.814
Boli_infu,1,-22.61,-8.422
Boli_infu,1,-22.23,22.246
Boli_infu,1,-21.85,39.127
Boli_infu,1,-21.47,30.123
Boli_infu,1,-21.09,14.291
Boli_infu,1,-20.71,14.686
Boli_infu,1,-20.33,4.318
Boli_infu,1,-19.95,21.655
Boli_infu,1,-19.57,36.83
Boli_infu,1,-19.19,-41.114
Boli_infu,1,-18.81,-70.061
Boli_infu,1,-18.43,-84.196
Boli_infu,1,-18.05,-141.527
Boli_infu,1,-17.67,-143.429
Boli_infu,1,-17.29,-191.945
Boli_infu,1,-16.91,-237.765
Boli_infu,1,-16.53,-281.429
Boli_infu,1,-16.15,-273.639
Boli_infu,1,-15.77,-221.669
Boli_infu,1,-15.39,-207.426
Boli_infu,1,-15.01,-178.047
Boli_infu,1,-14.63,-141.284
Boli_infu,1,-14.25,-104.941
Boli_infu,1,-13.87,-74.406
Boli_infu,1,-13.49,-31.854
Boli_infu,1,-13.11,-6.205
Boli_infu,1,-12.73,12.091
Boli_infu,1,-12.35,42.498
Boli_infu,1,-11.97,69.625
Boli_infu,1,-11.59,54.702
Boli_infu,1,-11.21,41.373
Boli_infu,1,-10.83,50.968
Boli_infu,1,-10.45,49.074
Boli_infu,1,-10.07,56.438
Boli_infu,1,-9.69,79.288
Boli_infu,1,-9.31,97.534
Boli_infu,1,-8.93,109.533
Boli_infu,1,-8.55,92.903
Boli_infu,1,-8.17,93.724
Boli_infu,1,-7.79,110.104
Boli_infu,1,-7.41,96.14
Boli_infu,1,-7.03,83.957
Boli_infu,1,-6.65,89.396
Boli_infu,1,-6.27,102.295
Boli_infu,1,-5.89,92.8
Boli_infu,1,-5.51,74.627
Boli_infu,1,-5.13,56.395
Boli_infu,1,-4.75,42.356
Boli_infu,1,-4.37,37.581
Boli_infu,1,-3.99,43.043
Boli_infu,1,-3.61,68.445
Boli_infu,1,-3.23,84.008
Boli_infu,1,-2.85,88.243
Boli_infu,1,-2.47,104.506
Boli_infu,1,-2.09,144.316
Boli_infu,1,-1.71,169.285
Boli_infu,1,-1.33,190.046
Boli_infu,1,-0.95,218.606
Boli_infu,1,-0.57,214.299
Boli_infu,1,-0.19,221.741
Boli_infu,1,0.19,221.487
Boli_infu,1,0.57,208.837
Boli_infu,1,0.95,200.753
Boli_infu,1,1.33,189.713
Boli_infu,1,1.71,161.071
Boli_infu,1,2.09,122.076
Boli_infu,1,2.47,101.448
Boli_infu,1,2.85,93.515
Boli_infu,1,3.23,78.019
Boli_infu,1,3.61,55.306
Boli_infu,1,3.99,43.985
Boli_infu,1,4.37,49.647
Boli_infu,1,4.75,52.724
Boli_infu,1,5.13,52.903
Boli_infu,1,5.51,61.598
Boli_infu,1,5.89,75.433
Boli_infu,1,6.27,85.429
Boli_infu,1,6.65,77.98
Boli_infu,1,7.03,86.927
Boli_infu,1,7.41,111.861
Boli_infu,1,7.79,107.418
Boli_infu,1,8.17,89.461
Boli_infu,1,8.55,79.792
Boli_infu,1,8.93,68.183
Boli_infu,1,9.31,69.175
Boli_infu,1,9.69,77.979
Boli_infu,1,10.07,70.604
Boli_infu,1,10.45,56.034
Boli_infu,1,10.83,54.475
Boli_infu,1,11.21,35.904
Boli_infu,1,11.59,32.702
Boli_infu,1,11.97,36.516
Boli_infu,1,12.35,18.893
Boli_infu,1,12.73,3.1
Boli_infu,1,13.11,-18.259
Boli_infu,1,13.49,-48.871
Boli_infu,1,13.87,-59.064
Boli_infu,1,14.25,-81.367
Boli_infu,1,14.63,-133.229
Boli_infu,1,15.01,-170.869
Boli_infu,1,15.39,-192.465
Boli_infu,1,15.77,-219.806
Boli_infu,1,16.15,-237.398
Boli_infu,1,16.53,-241.167
Boli_infu,1,16.91,-229.962
Boli_infu,1,17.29,-182.524
Boli_infu,1,17.67,-186.312
Boli_infu,1,18.05,-136.24
Boli_infu,1,18.43,-72.238
Boli_infu,1,18.81,-61.595
Boli_infu,1,19.19,-33.243
Boli_infu,1,19.57,-9.563
Boli_infu,1,19.95,9.724
Boli_infu,1,20.33,13.837
Boli_infu,1,20.71,8.301
Boli_infu,1,21.09,16.082
Boli_infu,1,21.47,14.14
Boli_infu,1,21.85,14.046
Boli_infu,1,22.23,31.361
Boli_infu,1,22.61,19.633
Boli_infu,1,22.99,13.199
Boli_infu,1,23.37,4.329
Boli_infu,1,23.75,23.349
Boli_infu,1,24.13,49.809
Boli_infu,1,24.51,44.028
Boli_infu,1,24.89,36.9
Boli_infu,1,25.27,28.906
Boli_infu,1,25.65,61.142
Boli_infu,1,26.03,65.909
Boli_infu,1,26.41,45.795
Boli_infu,1,26.79,36.547
Boli_infu,1,27.17,37.512
Boli_infu,1,27.55,45.174
Boli_infu,1,27.93,37.987
Boli_infu,1,28.31,47.287
Boli_infu,1,28.69,31.269
Boli_infu,1,29.07,22.094
Boli_infu,1,29.45,10.68
Boli_infu,1,29.83,23.892
Boli_infu,1,30.21,27.412
Boli_infu,1,30.59,9.932
Boli_infu,1,30.97,5.63
Boli_infu,1,31.35,13.04
Boli_infu,1,31.73,18.668
Boli_infu,1,32.11,15.168
Boli_infu,1,32.49,19.53
Boli_infu,1,32.87,-3.11
Boli_infu,1,33.25,-1.952
Boli_infu,1,33.63,16.524
Boli_infu,1,34.01,4.872
Boli_infu,1,34.39,-6.106
Boli_infu,1,34.77,3.403
Boli_infu,1,35.15,6.268
Boli_infu,1,35.53,-15.879
Boli_infu,1,35.91,-2.943
Boli_infu,1,36.29,101.807
Boli_infu,1,36.67,-52.0949
Boli_infu,1,37.05,0
Boli_infu,1,37.43,0
Boli_infu,1,37.81,0
Boli_infu,250,-37.81,0
Boli_infu,250,-37.43,0
Boli_infu,250,-37.05,0
Boli_infu,250,-36.67,0
Boli_infu,250,-36.29,298.053
Boli_infu,250,-35.91,296.351
Boli_infu,250,-35.53,255.213
Boli_infu,250,-35.15,259.597
Boli_infu,250,-34.77,239.653
Boli_infu,250,-34.39,237.271
Boli_infu,250,-34.01,261.116
Boli_infu,250,-33.63,257.489
Boli_infu,250,-33.25,245.667
Boli_infu,250,-32.87,253.755
Boli_infu,250,-32.49,256.561
Boli_infu,250,-32.11,259.134
Boli_infu,250,-31.73,262.053
Boli_infu,250,-31.35,265.256
Boli_infu,250,-30.97,256.331
Boli_infu,250,-30.59,269.257
Boli_infu,250,-30.21,269.72
Boli_infu,250,-29.83,274.612
Boli_infu,250,-29.45,262.686
Boli_infu,250,-29.07,281.071
Boli_infu,250,-28.69,287.658
Boli_infu,250,-28.31,269.829
Boli_infu,250,-27.93,293.416
Boli_infu,250,-27.55,298.988
Boli_infu,250,-27.17,296.487
Boli_infu,250,-26.79,293.938
Boli_infu,250,-26.41,289.11
Boli_infu,250,-26.03,283.757
Boli_infu,250,-25.65,286.734
Boli_infu,250,-25.27,297.154
Boli_infu,250,-24.89,290.827
Boli_infu,250,-24.51,289.812
Boli_infu,250,-24.13,294.394
Boli_infu,250,-23.75,268.314
Boli_infu,250,-23.37,269.443
Boli_infu,250,-22.99,286.151
Boli_infu,250,-22.61,311.551
Boli_infu,250,-22.23,284.44
Boli_infu,250,-21.85,255.534
Boli_infu,250,-21.47,291.917
Boli_infu,250,-21.09,314.71
Boli_infu,250,-20.71,269.424
Boli_infu,250,-20.33,261.317
Boli_infu,250,-19.95,284.895
Boli_infu,250,-19.57,240.236
Boli_infu,250,-19.19,230.763
Boli_infu,250,-18.81,211.742
Boli_infu,250,-18.43,169.549
Boli_infu,250,-18.05,104.91
Boli_infu,250,-17.67,58.997
Boli_infu,250,-17.29,63.419
Boli_infu,250,-16.91,54.424
Boli_infu,250,-16.53,43.337
Boli_infu,250,-16.15,63.913
Boli_infu,250,-15.77,68.55
Boli_infu,250,-15.39,76.761
Boli_infu,250,-15.01,112.199
Boli_infu,250,-14.63,153.69
Boli_infu,250,-14.25,175.597
Boli_infu,250,-13.87,160.726
Boli_infu,250,-13.49,175.643
Boli_infu,250,-13.11,202.488
Boli_infu,250,-12.73,235.118
Boli_infu,250,-12.35,263.457
Boli_infu,250,-11.97,266.775
Boli_infu,250,-11.59,269.246
Boli_infu,250,-11.21,268.521
Boli_infu,250,-10.83,283.174
Boli_infu,250,-10.45,314.165
Boli_infu,250,-10.07,319.806
Boli_infu,250,-9.69,316.415
Boli_infu,250,-9.31,330.946
Boli_infu,250,-8.93,352.119
Boli_infu,250,-8.55,345.909
Boli_infu,250,-8.17,334.139
Boli_infu,250,-7.79,317.045
Boli_infu,250,-7.41,319.987
Boli_infu,250,-7.03,332.784
Boli_infu,250,-6.65,330.303
Boli_infu,250,-6.27,313.227
Boli_infu,250,-5.89,306.391
Boli_infu,250,-5.51,314.046
Boli_infu,250,-5.13,303.334
Boli_infu,250,-4.75,294.595
Boli_infu,250,-4.37,287.677
Boli_infu,250,-3.99,298.962
Boli_infu,250,-3.61,311.031
Boli_infu,250,-3.23,316.979
Boli_infu,250,-2.85,330.265
Boli_infu,250,-2.47,356.428
Boli_infu,250,-2.09,393.004
Boli_infu,250,-1.71,409.676
Boli_infu,250,-1.33,418.424
Boli_infu,250,-0.95,440.852
Boli_infu,250,-0.57,462.311
Boli_infu,250,-0.19,459.249
Boli_infu,250,0.19,428.398
Boli_infu,250,0.57,417.394
Boli_infu,250,0.95,418.543
Boli_infu,250,1.33,408.479
Boli_infu,250,1.71,394.82
Boli_infu,250,2.09,376.308
Boli_infu,250,2.47,354.318
Boli_infu,250,2.85,340.838
Boli_infu,250,3.23,329.009
Boli_infu,250,3.61,304.903
Boli_infu,250,3.99,291.285
Boli_infu,250,4.37,295.33
Boli_infu,250,4.75,297.404
Boli_infu,250,5.13,296.99
Boli_infu,250,5.51,304.755
Boli_infu,250,5.89,317.612
Boli_infu,250,6.27,321.561
Boli_infu,250,6.65,325.813
Boli_infu,250,7.03,336.464
Boli_infu,250,7.41,355.551
Boli_infu,250,7.79,346.305
Boli_infu,250,8.17,324.937
Boli_infu,250,8.55,335.868
Boli_infu,250,8.93,330.253
Boli_infu,250,9.31,313.307
Boli_infu,250,9.69,300.198
Boli_infu,250,10.07,305.187
Boli_infu,250,10.45,294.802
Boli_infu,250,10.83,300.978
Boli_infu,250,11.21,298.342
Boli_infu,250,11.59,265.793
Boli_infu,250,11.97,250.044
Boli_infu,250,12.35,251.221
Boli_infu,250,12.73,264.467
Boli_infu,250,13.11,246.104
Boli_infu,250,13.49,203.42
Boli_infu,250,13.87,186.982
Boli_infu,250,14.25,146.231
Boli_infu,250,14.63,91.48
Boli_infu,250,15.01,81.095
Boli_infu,250,15.39,45.013
Boli_infu,250,15.77,3.589
Boli_infu,250,16.15,1.648
Boli_infu,250,16.53,28.127
Boli_infu,250,16.91,53.369
Boli_infu,250,17.29,88.843
Boli_infu,250,17.67,122.564
Boli_infu,250,18.05,149.386
Boli_infu,250,18.43,187.722
Boli_infu,250,18.81,170.216
Boli_infu,250,19.19,186.134
Boli_infu,250,19.57,239.517
Boli_infu,250,19.95,272.138
Boli_infu,250,20.33,304.215
Boli_infu,250,20.71,302.658
Boli_infu,250,21.09,270.065
Boli_infu,250,21.47,249.236
Boli_infu,250,21.85,263.747
Boli_infu,250,22.23,282.147
Boli_infu,250,22.61,268.758
Boli_infu,250,22.99,260.787
Boli_infu,250,23.37,282.668
Boli_infu,250,23.75,292.536
Boli_infu,250,24.13,287.971
Boli_infu,250,24.51,282.012
Boli_infu,250,24.89,296.039
Boli_infu,250,25.27,288.833
Boli_infu,250,25.65,286.184
Boli_infu,250,26.03,294.711
Boli_infu,250,26.41,298.661
Boli_infu,250,26.79,298.695
Boli_infu,250,27.17,302.486
Boli_infu,250,27.55,297.336
Boli_infu,250,27.93,286.413
Boli_infu,250,28.31,276.125
Boli_infu,250,28.69,291.435
Boli_infu,250,29.07,289.729
Boli_infu,250,29.45,262.66
Boli_infu,250,29.83,255.867
Boli_infu,250,30.21,257.809
Boli_infu,250,30.59,266.902
Boli_infu,250,30.97,265.331
Boli_infu,250,31.35,275.488
Boli_infu,250,31.73,260.022
Boli_infu,250,32.11,243.608
Boli_infu,250,32.49,263.203
Boli_infu,250,32.87,259.135
Boli_infu,250,33.25,257.257
Boli_infu,250,33.63,264.846
Boli_infu,250,34.01,252.532
Boli_infu,250,34.39,256.493
Boli_infu,250,34.77,248.037
Boli_infu,250,35.15,256.447
Boli_infu,250,35.53,268.221
Boli_infu,250,35.91,229.234
Boli_infu,250,36.29,213.24
Boli_infu,250,36.67,0
Boli_infu,250,37.05,0
Boli_infu,250,37.43,0
Boli_infu,250,37.81,0
Boli_infu,500,-37.81,0
Boli_infu,500,-37.43,0
Boli_infu,500,-37.05,0
Boli_infu,500,-36.67,202.573
Boli_infu,500,-36.29,561.855
Boli_infu,500,-35.91,506.069
Boli_infu,500,-35.53,507.382
Boli_infu,500,-35.15,507.103
Boli_infu,500,-34.77,503.982
Boli_infu,500,-34.39,501.607
Boli_infu,500,-34.01,507.369
Boli_infu,500,-33.63,513.922
Boli_infu,500,-33.25,504.584
Boli_infu,500,-32.87,515.501
Boli_infu,500,-32.49,517.561
Boli_infu,500,-32.11,504.239
Boli_infu,500,-31.73,512.772
Boli_infu,500,-31.35,517.858
Boli_infu,500,-30.97,525.081
Boli_infu,500,-30.59,511.737
Boli_infu,500,-30.21,515.763
Boli_infu,500,-29.83,533.674
Boli_infu,500,-29.45,524.128
Boli_infu,500,-29.07,525.291
Boli_infu,500,-28.69,530.781
Boli_infu,500,-28.31,535.23
Boli_infu,500,-27.93,537.034
Boli_infu,500,-27.55,527.197
Boli_infu,500,-27.17,548.512
Boli_infu,500,-26.79,560.7
Boli_infu,500,-26.41,542.721
Boli_infu,500,-26.03,541.397
Boli_infu,500,-25.65,560.494
Boli_infu,500,-25.27,564.283
Boli_infu,500,-24.89,539.154
Boli_infu,500,-24.51,536
Boli_infu,500,-24.13,536.344
Boli_infu,500,-23.75,556.55
Boli_infu,500,-23.37,560.065
Boli_infu,500,-22.99,527.886
Boli_infu,500,-22.61,530.414
Boli_infu,500,-22.23,519.598
Boli_infu,500,-21.85,519.742
Boli_infu,500,-21.47,544.288
Boli_infu,500,-21.09,533.813
Boli_infu,500,-20.71,524.572
Boli_infu,500,-20.33,504.67
Boli_infu,500,-19.95,508.437
Boli_infu,500,-19.57,499.575
Boli_infu,500,-19.19,455.504
Boli_infu,500,-18.81,427.991
Boli_infu,500,-18.43,367.679
Boli_infu,500,-18.05,348.895
Boli_infu,500,-17.67,383.927
Boli_infu,500,-17.29,367.773
Boli_infu,500,-16.91,355.761
Boli_infu,500,-16.53,324.187
Boli_infu,500,-16.15,279.227
Boli_infu,500,-15.77,310.1
Boli_infu,500,-15.39,324.339
Boli_infu,500,-15.01,340.536
Boli_infu,500,-14.63,391.492
Boli_infu,500,-14.25,423.938
Boli_infu,500,-13.87,431.535
Boli_infu,500,-13.49,443.972
Boli_infu,500,-13.11,465.115
Boli_infu,500,-12.73,470.9
Boli_infu,500,-12.35,496.308
Boli_infu,500,-11.97,509.916
Boli_infu,500,-11.59,529.001
Boli_infu,500,-11.21,538.148
Boli_infu,500,-10.83,536.752
Boli_infu,500,-10.45,562.311
Boli_infu,500,-10.07,572.312
Boli_infu,500,-9.69,578.784
Boli_infu,500,-9.31,569.469
Boli_infu,500,-8.93,579.272
Boli_infu,500,-8.55,580.437
Boli_infu,500,-8.17,571.787
Boli_infu,500,-7.79,593.862
Boli_infu,500,-7.41,586.161
Boli_infu,500,-7.03,572.437
Boli_infu,500,-6.65,583.928
Boli_infu,500,-6.27,584.599
Boli_infu,500,-5.89,566.106
Boli_infu,500,-5.51,568.205
Boli_infu,500,-5.13,560.424
Boli_infu,500,-4.75,535.357
Boli_infu,500,-4.37,525.984
Boli_infu,500,-3.99,542.151
Boli_infu,500,-3.61,568.997
Boli_infu,500,-3.23,585.868
Boli_infu,500,-2.85,595.084
Boli_infu,500,-2.47,605.566
Boli_infu,500,-2.09,612.897
Boli_infu,500,-1.71,624.431
Boli_infu,500,-1.33,628.405
Boli_infu,500,-0.95,643.481
Boli_infu,500,-0.57,655.527
Boli_infu,500,-0.19,642.239
Boli_infu,500,0.19,651.03
Boli_infu,500,0.57,655.434
Boli_infu,500,0.95,654.315
Boli_infu,500,1.33,648.063
Boli_infu,500,1.71,633.913
Boli_infu,500,2.09,621.058
Boli_infu,500,2.47,595.847
Boli_infu,500,2.85,588.061
Boli_infu,500,3.23,582.755
Boli_infu,500,3.61,558.357
Boli_infu,500,3.99,554.554
Boli_infu,500,4.37,555.061
Boli_infu,500,4.75,543.701
Boli_infu,500,5.13,547.674
Boli_infu,500,5.51,567.63
Boli_infu,500,5.89,574.428
Boli_infu,500,6.27,567.922
Boli_infu,500,6.65,559.974
Boli_infu,500,7.03,567.917
Boli_infu,500,7.41,573.352
Boli_infu,500,7.79,567.473
Boli_infu,500,8.17,571.053
Boli_infu,500,8.55,579.106
Boli_infu,500,8.93,573.612
Boli_infu,500,9.31,557.699
Boli_infu,500,9.69,555.336
Boli_infu,500,10.07,552.195
Boli_infu,500,10.45,560.161
Boli_infu,500,10.83,557.874
Boli_infu,500,11.21,554.008
Boli_infu,500,11.59,555.73
Boli_infu,500,11.97,543.439
Boli_infu,500,12.35,509.341
Boli_infu,500,12.73,487.76
Boli_infu,500,13.11,463.623
Boli_infu,500,13.49,416.017
Boli_infu,500,13.87,394.165
Boli_infu,500,14.25,368.053
Boli_infu,500,14.63,339.408
Boli_infu,500,15.01,314.795
Boli_infu,500,15.39,284.827
Boli_infu,500,15.77,305.197
Boli_infu,500,16.15,340.963
Boli_infu,500,16.53,323.577
Boli_infu,500,16.91,333.175
Boli_infu,500,17.29,363.348
Boli_infu,500,17.67,374.928
Boli_infu,500,18.05,389.835
Boli_infu,500,18.43,427.182
Boli_infu,500,18.81,475.257
Boli_infu,500,19.19,434.282
Boli_infu,500,19.57,436.939
Boli_infu,500,19.95,511.537
Boli_infu,500,20.33,529.55
Boli_infu,500,20.71,542.472
Boli_infu,500,21.09,534.534
Boli_infu,500,21.47,506.86
Boli_infu,500,21.85,508.826
Boli_infu,500,22.23,531.407
Boli_infu,500,22.61,512.036
Boli_infu,500,22.99,517.867
Boli_infu,500,23.37,561.873
Boli_infu,500,23.75,551.573
Boli_infu,500,24.13,548.758
Boli_infu,500,24.51,544.064
Boli_infu,500,24.89,539.847
Boli_infu,500,25.27,563.098
Boli_infu,500,25.65,544.182
Boli_infu,500,26.03,527.548
Boli_infu,500,26.41,557.362
Boli_infu,500,26.79,562.26
Boli_infu,500,27.17,527.645
Boli_infu,500,27.55,531.77
Boli_infu,500,27.93,545.026
Boli_infu,500,28.31,528.419
Boli_infu,500,28.69,528.086
Boli_infu,500,29.07,538.723
Boli_infu,500,29.45,531.034
Boli_infu,500,29.83,515.631
Boli_infu,500,30.21,526.568
Boli_infu,500,30.59,527.501
Boli_infu,500,30.97,514.845
Boli_infu,500,31.35,522.568
Boli_infu,500,31.73,513.444
Boli_infu,500,32.11,510.501
Boli_infu,500,32.49,518.453
Boli_infu,500,32.87,510.885
Boli_infu,500,33.25,496.027
Boli_infu,500,33.63,506.479
Boli_infu,500,34.01,504.028
Boli_infu,500,34.39,498.474
Boli_infu,500,34.77,502.547
Boli_infu,500,35.15,498.565
Boli_infu,500,35.53,523.117
Boli_infu,500,35.91,485.841
Boli_infu,500,36.29,510.319
Boli_infu,500,36.67,195.704
Boli_infu,500,37.05,0
Boli_infu,500,37.43,0
Boli_infu,500,37.81,0
Boli_infu,1000,-37.81,0
Boli_infu,1000,-37.43,0
Boli_infu,1000,-37.05,0
Boli_infu,1000,-36.67,1008.43
Boli_infu,1000,-36.29,1016.07
Boli_infu,1000,-35.91,1007.76
Boli_infu,1000,-35.53,995.876
Boli_infu,1000,-35.15,1004.69
Boli_infu,1000,-34.77,1004.75
Boli_infu,1000,-34.39,992.629
Boli_infu,1000,-34.01,986.139
Boli_infu,1000,-33.63,985.622
Boli_infu,1000,-33.25,1002.96
Boli_infu,1000,-32.87,1015.6
Boli_infu,1000,-32.49,1010.5
Boli_infu,1000,-32.11,1012.19
Boli_infu,1000,-31.73,1017.18
Boli_infu,1000,-31.35,1034.43
Boli_infu,1000,-30.97,1030.79
Boli_infu,1000,-30.59,1020.19
Boli_infu,1000,-30.21,995.227
Boli_infu,1000,-29.83,979.896
Boli_infu,1000,-29.45,1012.54
Boli_infu,1000,-29.07,1021.35
Boli_infu,1000,-28.69,1044.61
Boli_infu,1000,-28.31,1045.86
Boli_infu,1000,-27.93,1017.13
Boli_infu,1000,-27.55,1038.59
Boli_infu,1000,-27.17,1032.83
Boli_infu,1000,-26.79,977.604
Boli_infu,1000,-26.41,1038.86
Boli_infu,1000,-26.03,1057.3
Boli_infu,1000,-25.65,1040.98
Boli_infu,1000,-25.27,1053.29
Boli_infu,1000,-24.89,1027.12
Boli_infu,1000,-24.51,1057.2
Boli_infu,1000,-24.13,1044.35
Boli_infu,1000,-23.75,999.017
Boli_infu,1000,-23.37,1035.36
Boli_infu,1000,-22.99,1093.15
Boli_infu,1000,-22.61,1040.53
Boli_infu,1000,-22.23,1022.3
Boli_infu,1000,-21.85,1019.56
Boli_infu,1000,-21.47,1049.11
Boli_infu,1000,-21.09,1102.46
Boli_infu,1000,-20.71,1010.03
Boli_infu,1000,-20.33,1058.49
Boli_infu,1000,-19.95,1035.74
Boli_infu,1000,-19.57,972.579
Boli_infu,1000,-19.19,934.933
Boli_infu,1000,-18.81,854.469
Boli_infu,1000,-18.43,961.436
Boli_infu,1000,-18.05,960.969
Boli_infu,1000,-17.67,913.691
Boli_infu,1000,-17.29,849.047
Boli_infu,1000,-16.91,740.359
Boli_infu,1000,-16.53,796.245
Boli_infu,1000,-16.15,923.627
Boli_infu,1000,-15.77,890.889
Boli_infu,1000,-15.39,869.907
Boli_infu,1000,-15.01,897.071
Boli_infu,1000,-14.63,897.5
Boli_infu,1000,-14.25,887.503
Boli_infu,1000,-13.87,917.377
Boli_infu,1000,-13.49,984.56
Boli_infu,1000,-13.11,982.037
Boli_infu,1000,-12.73,1013.3
Boli_infu,1000,-12.35,1082.45
Boli_infu,1000,-11.97,1070.11
Boli_infu,1000,-11.59,1022.3
Boli_infu,1000,-11.21,1045.43
Boli_infu,1000,-10.83,1063.59
Boli_infu,1000,-10.45,1033.18
Boli_infu,1000,-10.07,1019.21
Boli_infu,1000,-9.69,1032.86
Boli_infu,1000,-9.31,1055.23
Boli_infu,1000,-8.93,1116.99
Boli_infu,1000,-8.55,1140.69
Boli_infu,1000,-8.17,1079.26
Boli_infu,1000,-7.79,1065.41
Boli_infu,1000,-7.41,1066.33
Boli_infu,1000,-7.03,1079.41
Boli_infu,1000,-6.65,1094.55
Boli_infu,1000,-6.27,1022.56
Boli_infu,1000,-5.89,1024.11
Boli_infu,1000,-5.51,1090.26
Boli_infu,1000,-5.13,1092.21
Boli_infu,1000,-4.75,1066.38
Boli_infu,1000,-4.37,1040.95
Boli_infu,1000,-3.99,1032.54
Boli_infu,1000,-3.61,1055.9
Boli_infu,1000,-3.23,1077.35
Boli_infu,1000,-2.85,1059.75
Boli_infu,1000,-2.47,1089.61
Boli_infu,1000,-2.09,1150.09
Boli_infu,1000,-1.71,1149.07
Boli_infu,1000,-1.33,1166.43
Boli_infu,1000,-0.95,1186.28
Boli_infu,1000,-0.57,1186.06
Boli_infu,1000,-0.19,1177.73
Boli_infu,1000,0.19,1137.88
Boli_infu,1000,0.57,1103.41
Boli_infu,1000,0.95,1127.27
Boli_infu,1000,1.33,1136.25
Boli_infu,1000,1.71,1111.82
Boli_infu,1000,2.09,1095.26
Boli_infu,1000,2.47,1070.59
Boli_infu,1000,2.85,1058.22
Boli_infu,1000,3.23,1038.89
Boli_infu,1000,3.61,1042.52
Boli_infu,1000,3.99,1047.78
Boli_infu,1000,4.37,1069.3
Boli_infu,1000,4.75,1070.63
Boli_infu,1000,5.13,1041.5
Boli_infu,1000,5.51,1062.14
Boli_infu,1000,5.89,1052.94
Boli_infu,1000,6.27,1046.14
Boli_infu,1000,6.65,1065.44
Boli_infu,1000,7.03,1022.74
Boli_infu,1000,7.41,1002
Boli_infu,1000,7.79,1053.89
Boli_infu,1000,8.17,1053.42
Boli_infu,1000,8.55,1024.27
Boli_infu,1000,8.93,1055.9
Boli_infu,1000,9.31,1064.14
Boli_infu,1000,9.69,987.093
Boli_infu,1000,10.07,975.241
Boli_infu,1000,10.45,1019.51
Boli_infu,1000,10.83,1050.16
Boli_infu,1000,11.21,1070.08
Boli_infu,1000,11.59,1062.85
Boli_infu,1000,11.97,1056.47
Boli_infu,1000,12.35,1056.24
Boli_infu,1000,12.73,1030.91
Boli_infu,1000,13.11,1039.14
Boli_infu,1000,13.49,1023.87
Boli_infu,1000,13.87,877.347
Boli_infu,1000,14.25,836.852
Boli_infu,1000,14.63,871.578
Boli_infu,1000,15.01,780.672
Boli_infu,1000,15.39,778.512
Boli_infu,1000,15.77,827.327
Boli_infu,1000,16.15,889.417
Boli_infu,1000,16.53,892.689
Boli_infu,1000,16.91,811.771
Boli_infu,1000,17.29,881.791
Boli_infu,1000,17.67,922.171
Boli_infu,1000,18.05,970.135
Boli_infu,1000,18.43,988.688
Boli_infu,1000,18.81,959.742
Boli_infu,1000,19.19,1019.11
Boli_infu,1000,19.57,1016.5
Boli_infu,1000,19.95,943.174
Boli_infu,1000,20.33,931.517
Boli_infu,1000,20.71,936.581
Boli_infu,1000,21.09,990.806
Boli_infu,1000,21.47,1112.49
Boli_infu,1000,21.85,1125.84
Boli_infu,1000,22.23,1097.26
Boli_infu,1000,22.61,1095.6
Boli_infu,1000,22.99,1026.42
Boli_infu,1000,23.37,1004.31
Boli_infu,1000,23.75,1037.39
Boli_infu,1000,24.13,1040.05
Boli_infu,1000,24.51,1028.59
Boli_infu,1000,24.89,983.207
Boli_infu,1000,25.27,1033.9
Boli_infu,1000,25.65,1056.42
Boli_infu,1000,26.03,1027.76
Boli_infu,1000,26.41,1032.17
Boli_infu,1000,26.79,1039.97
Boli_infu,1000,27.17,1051.2
Boli_infu,1000,27.55,1035.89
Boli_infu,1000,27.93,1038.48
Boli_infu,1000,28.31,1032.73
Boli_infu,1000,28.69,1017.45
Boli_infu,1000,29.07,1035.69
Boli_infu,1000,29.45,1029.44
Boli_infu,1000,29.83,1026.54
Boli_infu,1000,30.21,1048.46
Boli_infu,1000,30.59,1021.3
Boli_infu,1000,30.97,1005.73
Boli_infu,1000,31.35,1001.11
Boli_infu,1000,31.73,1003.03
Boli_infu,1000,32.11,1025.57
Boli_infu,1000,32.49,1006.99
Boli_infu,1000,32.87,1001.96
Boli_infu,1000,33.25,1018.25
Boli_infu,1000,33.63,1019.43
Boli_infu,1000,34.01,1022.17
Boli_infu,1000,34.39,1006.8
Boli_infu,1000,34.77,1016.91
Boli_infu,1000,35.15,1023.12
Boli_infu,1000,35.53,998.168
Boli_infu,1000,35.91,983.749
Boli_infu,1000,36.29,1032.81
Boli_infu,1000,36.67,806.911
Boli_infu,1000,37.05,0
Boli_infu,1000,37.43,0
Boli_infu,1000,37.81,0
Boli_infu,1500,-37.81,0
Boli_infu,1500,-37.43,0
Boli_infu,1500,-37.05,404.989
Boli_infu,1500,-36.67,1079.1
Boli_infu,1500,-36.29,1208.46
Boli_infu,1500,-35.91,1488.09
Boli_infu,1500,-35.53,1488.21
Boli_infu,1500,-35.15,1509.78
Boli_infu,1500,-34.77,1503
Boli_infu,1500,-34.39,1506.44
Boli_infu,1500,-34.01,1522.74
Boli_infu,1500,-33.63,1508.17
Boli_infu,1500,-33.25,1498.49
Boli_infu,1500,-32.87,1497.76
Boli_infu,1500,-32.49,1510.64
Boli_infu,1500,-32.11,1519.16
Boli_infu,1500,-31.73,1525.18
Boli_infu,1500,-31.35,1524.22
Boli_infu,1500,-30.97,1504.46
Boli_infu,1500,-30.59,1513.8
Boli_infu,1500,-30.21,1527.96
Boli_infu,1500,-29.83,1534.72
Boli_infu,1500,-29.45,1509.76
Boli_infu,1500,-29.07,1514.49
Boli_infu,1500,-28.69,1529.83
Boli_infu,1500,-28.31,1552.08
Boli_infu,1500,-27.93,1559.86
Boli_infu,1500,-27.55,1533.05
Boli_infu,1500,-27.17,1534.6
Boli_infu,1500,-26.79,1524.6
Boli_infu,1500,-26.41,1550.64
Boli_infu,1500,-26.03,1547.46
Boli_infu,1500,-25.65,1522.8
Boli_infu,1500,-25.27,1546.43
Boli_infu,1500,-24.89,1539.6
Boli_infu,1500,-24.51,1540.75
Boli_infu,1500,-24.13,1554.29
Boli_infu,1500,-23.75,1540.5
Boli_infu,1500,-23.37,1551.36
Boli_infu,1500,-22.99,1529.62
Boli_infu,1500,-22.61,1542.43
Boli_infu,1500,-22.23,1582.78
Boli_infu,1500,-21.85,1551.5
Boli_infu,1500,-21.47,1555.58
Boli_infu,1500,-21.09,1568.42
Boli_infu,1500,-20.71,1555.63
Boli_infu,1500,-20.33,1543.95
Boli_infu,1500,-19.95,1536.71
Boli_infu,1500,-19.57,1524.94
Boli_infu,1500,-19.19,1537.88
Boli_infu,1500,-18.81,1509.64
Boli_infu,1500,-18.43,1492.99
Boli_infu,1500,-18.05,1464.95
Boli_infu,1500,-17.67,1403.45
Boli_infu,1500,-17.29,1417.29
Boli_infu,1500,-16.91,1379.67
Boli_infu,1500,-16.53,1338.14
Boli_infu,1500,-16.15,1300.24
Boli_infu,1500,-15.77,1280.87
Boli_infu,1500,-15.39,1345.72
Boli_infu,1500,-15.01,1360.65
Boli_infu,1500,-14.63,1350.83
Boli_infu,1500,-14.25,1413.1
Boli_infu,1500,-13.87,1451.99
Boli_infu,1500,-13.49,1454.14
Boli_infu,1500,-13.11,1485.84
Boli_infu,1500,-12.73,1483.58
Boli_infu,1500,-12.35,1474.33
Boli_infu,1500,-11.97,1507.7
Boli_infu,1500,-11.59,1518.92
Boli_infu,1500,-11.21,1512.72
Boli_infu,1500,-10.83,1502.62
Boli_infu,1500,-10.45,1514.36
Boli_infu,1500,-10.07,1521.99
Boli_infu,1500,-9.69,1525.97
Boli_infu,1500,-9.31,1539.12
Boli_infu,1500,-8.93,1550.3
Boli_infu,1500,-8.55,1570.82
Boli_infu,1500,-8.17,1565.78
Boli_infu,1500,-7.79,1553.34
Boli_infu,1500,-7.41,1553.02
Boli_infu,1500,-7.03,1544.58
Boli_infu,1500,-6.65,1540.23
Boli_infu,1500,-6.27,1551.04
Boli_infu,1500,-5.89,1561.53
Boli_infu,1500,-5.51,1561.09
Boli_infu,1500,-5.13,1551.26
Boli_infu,1500,-4.75,1544.91
Boli_infu,1500,-4.37,1540.3
Boli_infu,1500,-3.99,1549.48
Boli_infu,1500,-3.61,1557.96
Boli_infu,1500,-3.23,1556.72
Boli_infu,1500,-2.85,1567.06
Boli_infu,1500,-2.47,1574.39
Boli_infu,1500,-2.09,1596.8
Boli_infu,1500,-1.71,1625.54
Boli_infu,1500,-1.33,1640.85
Boli_infu,1500,-0.95,1656.43
Boli_infu,1500,-0.57,1663.7
Boli_infu,1500,-0.19,1660.66
Boli_infu,1500,0.19,1665.59
Boli_infu,1500,0.57,1673.1
Boli_infu,1500,0.95,1655.43
Boli_infu,1500,1.33,1627.42
Boli_infu,1500,1.71,1609.7
Boli_infu,1500,2.09,1588.89
Boli_infu,1500,2.47,1575.22
Boli_infu,1500,2.85,1557.31
Boli_infu,1500,3.23,1562.88
Boli_infu,1500,3.61,1557.17
Boli_infu,1500,3.99,1544.69
Boli_infu,1500,4.37,1550.16
Boli_infu,1500,4.75,1555.33
Boli_infu,1500,5.13,1560.05
Boli_infu,1500,5.51,1559.04
Boli_infu,1500,5.89,1565.55
Boli_infu,1500,6.27,1545.34
Boli_infu,1500,6.65,1539.82
Boli_infu,1500,7.03,1552.43
Boli_infu,1500,7.41,1540.26
Boli_infu,1500,7.79,1541.84
Boli_infu,1500,8.17,1557.64
Boli_infu,1500,8.55,1557.98
Boli_infu,1500,8.93,1562.74
Boli_infu,1500,9.31,1571.02
Boli_infu,1500,9.69,1556.89
Boli_infu,1500,10.07,1540.7
Boli_infu,1500,10.45,1541.57
Boli_infu,1500,10.83,1540.3
Boli_infu,1500,11.21,1536.7
Boli_infu,1500,11.59,1516.82
Boli_infu,1500,11.97,1503.03
Boli_infu,1500,12.35,1499.16
Boli_infu,1500,12.73,1498.33
Boli_infu,1500,13.11,1493.24
Boli_infu,1500,13.49,1453.17
Boli_infu,1500,13.87,1411.88
Boli_infu,1500,14.25,1364.22
Boli_infu,1500,14.63,1346.21
Boli_infu,1500,15.01,1330.07
Boli_infu,1500,15.39,1327.29
Boli_infu,1500,15.77,1311.14
Boli_infu,1500,16.15,1267.33
Boli_infu,1500,16.53,1286.91
Boli_infu,1500,16.91,1301.08
Boli_infu,1500,17.29,1348.64
Boli_infu,1500,17.67,1415.22
Boli_infu,1500,18.05,1448.6
Boli_infu,1500,18.43,1483.81
Boli_infu,1500,18.81,1464.49
Boli_infu,1500,19.19,1478.89
Boli_infu,1500,19.57,1537.84
Boli_infu,1500,19.95,1577.62
Boli_infu,1500,20.33,1593.96
Boli_infu,1500,20.71,1567.49
Boli_infu,1500,21.09,1594.38
Boli_infu,1500,21.47,1596.79
Boli_infu,1500,21.85,1565.78
Boli_infu,1500,22.23,1574.96
Boli_infu,1500,22.61,1553.49
Boli_infu,1500,22.99,1537.86
Boli_infu,1500,23.37,1533.24
Boli_infu,1500,23.75,1528.14
Boli_infu,1500,24.13,1533.54
Boli_infu,1500,24.51,1547.64
Boli_infu,1500,24.89,1568.12
Boli_infu,1500,25.27,1558.47
Boli_infu,1500,25.65,1533.48
Boli_infu,1500,26.03,1528.46
Boli_infu,1500,26.41,1541.25
Boli_infu,1500,26.79,1541.65
Boli_infu,1500,27.17,1548.76
Boli_infu,1500,27.55,1551.94
Boli_infu,1500,27.93,1523.63
Boli_infu,1500,28.31,1527.3
Boli_infu,1500,28.69,1534.45
Boli_infu,1500,29.07,1529.81
Boli_infu,1500,29.45,1532.36
Boli_infu,1500,29.83,1511.6
Boli_infu,1500,30.21,1529.8
Boli_infu,1500,30.59,1535.57
Boli_infu,1500,30.97,1508.04
Boli_infu,1500,31.35,1512.33
Boli_infu,1500,31.73,1515.16
Boli_infu,1500,32.11,1507.5
Boli_infu,1500,32.49,1524.12
Boli_infu,1500,32.87,1508.12
Boli_infu,1500,33.25,1487.95
Boli_infu,1500,33.63,1512.22
Boli_infu,1500,34.01,1517.86
Boli_infu,1500,34.39,1515.24
Boli_infu,1500,34.77,1505.07
Boli_infu,1500,35.15,1496.88
Boli_infu,1500,35.53,1504.7
Boli_infu,1500,35.91,1445.11
Boli_infu,1500,36.29,1221.12
Boli_infu,1500,36.67,902.867
Boli_infu,1500,37.05,336.681
Boli_infu,1500,37.43,0
Boli_infu,1500,37.81,0
Tjal_pink,1,-37.81,0
Tjal_pink,1,-37.43,0
Tjal_pink,1,-37.05,0
Tjal_pink,1,-36.67,0
Tjal_pink,1,-36.29,0
Tjal_pink,1,-35.91,0
Tjal_pink,1,-35.53,0
Tjal_pink,1,-35.15,26.5198
Tjal_pink,1,-34.77,-15.544
Tjal_pink,1,-34.39,1.774
Tjal_pink,1,-34.01,15.039
Tjal_pink,1,-33.63,8.2
Tjal_pink,1,-33.25,-9.649
Tjal_pink,1,-32.87,-1.114
Tjal_pink,1,-32.49,19.911
Tjal_pink,1,-32.11,12.791
Tjal_pink,1,-31.73,5.695
Tjal_pink,1,-31.35,1.049
Tjal_pink,1,-30.97,22.149
Tjal_pink,1,-30.59,38.056
Tjal_pink,1,-30.21,29.534
Tjal_pink,1,-29.83,27.572
Tjal_pink,1,-29.45,33.913
Tjal_pink,1,-29.07,45.353
Tjal_pink,1,-28.69,46.802
Tjal_pink,1,-28.31,26.729
Tjal_pink,1,-27.93,21.405
Tjal_pink,1,-27.55,25.786
Tjal_pink,1,-27.17,29.656
Tjal_pink,1,-26.79,23.282
Tjal_pink,1,-26.41,-4.532
Tjal_pink,1,-26.03,-9.963
Tjal_pink,1,-25.65,-3.675
Tjal_pink,1,-25.27,-41.297
Tjal_pink,1,-24.89,-47.849
Tjal_pink,1,-24.51,-23.065
Tjal_pink,1,-24.13,-44.333
Tjal_pink,1,-23.75,-88.439
Tjal_pink,1,-23.37,-80.985
Tjal_pink,1,-22.99,-17.395
Tjal_pink,1,-22.61,-14.892
Tjal_pink,1,-22.23,-30.828
Tjal_pink,1,-21.85,-25.368
Tjal_pink,1,-21.47,-5.712
Tjal_pink,1,-21.09,-16.945
Tjal_pink,1,-20.71,-81.864
Tjal_pink,1,-20.33,-114.924
Tjal_pink,1,-19.95,-158.958
Tjal_pink,1,-19.57,-228.51
Tjal_pink,1,-19.19,-248.952
Tjal_pink,1,-18.81,-255.235
Tjal_pink,1,-18.43,-279.215
Tjal_pink,1,-18.05,-259.829
Tjal_pink,1,-17.67,-251.891
Tjal_pink,1,-17.29,-248.083
Tjal_pink,1,-16.91,-222.757
Tjal_pink,1,-16.53,-188.791
Tjal_pink,1,-16.15,-118.517
Tjal_pink,1,-15.77,-71.997
Tjal_pink,1,-15.39,-46.981
Tjal_pink,1,-15.01,-15.182
Tjal_pink,1,-14.63,10.819
Tjal_pink,1,-14.25,21.182
Tjal_pink,1,-13.87,41.241
Tjal_pink,1,-13.49,69.314
Tjal_pink,1,-13.11,82.11
Tjal_pink,1,-12.73,99.269
Tjal_pink,1,-12.35,111.042
Tjal_pink,1,-11.97,119.622
Tjal_pink,1,-11.59,133.396
Tjal_pink,1,-11.21,155.275
Tjal_pink,1,-10.83,152.152
Tjal_pink,1,-10.45,147.099
Tjal_pink,1,-10.07,145.8
Tjal_pink,1,-9.69,155.132
Tjal_pink,1,-9.31,172.426
Tjal_pink,1,-8.93,151.236
Tjal_pink,1,-8.55,144.11
Tjal_pink,1,-8.17,148.196
Tjal_pink,1,-7.79,136.243
Tjal_pink,1,-7.41,124.992
Tjal_pink,1,-7.03,104.028
Tjal_pink,1,-6.65,89.977
Tjal_pink,1,-6.27,86.038
Tjal_pink,1,-5.89,66.891
Tjal_pink,1,-5.51,55.581
Tjal_pink,1,-5.13,70.551
Tjal_pink,1,-4.75,83.936
Tjal_pink,1,-4.37,67.736
Tjal_pink,1,-3.99,53.822
Tjal_pink,1,-3.61,71.414
Tjal_pink,1,-3.23,78.066
Tjal_pink,1,-2.85,82.806
Tjal_pink,1,-2.47,111.713
Tjal_pink,1,-2.09,135.132
Tjal_pink,1,-1.71,140.779
Tjal_pink,1,-1.33,147.149
Tjal_pink,1,-0.95,169.892
Tjal_pink,1,-0.57,184.439
Tjal_pink,1,-0.19,186.675
Tjal_pink,1,0.19,190.487
Tjal_pink,1,0.57,178.295
Tjal_pink,1,0.95,162.424
Tjal_pink,1,1.33,146.432
Tjal_pink,1,1.71,135.63
Tjal_pink,1,2.09,132.242
Tjal_pink,1,2.47,112.972
Tjal_pink,1,2.85,97.175
Tjal_pink,1,3.23,87.179
Tjal_pink,1,3.61,64.9
Tjal_pink,1,3.99,62.791
Tjal_pink,1,4.37,67.309
Tjal_pink,1,4.75,55.422
Tjal_pink,1,5.13,65.508
Tjal_pink,1,5.51,76.731
Tjal_pink,1,5.89,76.296
Tjal_pink,1,6.27,86.625
Tjal_pink,1,6.65,109.496
Tjal_pink,1,7.03,113.01
Tjal_pink,1,7.41,108.422
Tjal_pink,1,7.79,123.734
Tjal_pink,1,8.17,152.577
Tjal_pink,1,8.55,167.518
Tjal_pink,1,8.93,161.655
Tjal_pink,1,9.31,166.989
Tjal_pink,1,9.69,163.324
Tjal_pink,1,10.07,159.197
Tjal_pink,1,10.45,159.217
Tjal_pink,1,10.83,136.859
Tjal_pink,1,11.21,125.165
Tjal_pink,1,11.59,102.982
Tjal_pink,1,11.97,91.847
Tjal_pink,1,12.35,95.311
Tjal_pink,1,12.73,88.867
Tjal_pink,1,13.11,79.386
Tjal_pink,1,13.49,76.198
Tjal_pink,1,13.87,68.036
Tjal_pink,1,14.25,39.854
Tjal_pink,1,14.63,18.541
Tjal_pink,1,15.01,-10.083
Tjal_pink,1,15.39,-45.236
Tjal_pink,1,15.77,-89.413
Tjal_pink,1,16.15,-143.808
Tjal_pink,1,16.53,-188.068
Tjal_pink,1,16.91,-233.01
Tjal_pink,1,17.29,-267.783
Tjal_pink,1,17.67,-291.825
Tjal_pink,1,18.05,-306.801
Tjal_pink,1,18.43,-277.921
Tjal_pink,1,18.81,-239.567
Tjal_pink,1,19.19,-249.15
Tjal_pink,1,19.57,-227.461
Tjal_pink,1,19.95,-149.515
Tjal_pink,1,20.33,-106.418
Tjal_pink,1,20.71,-86.932
Tjal_pink,1,21.09,-70.306
Tjal_pink,1,21.47,-25.581
Tjal_pink,1,21.85,-4.121
Tjal_pink,1,22.23,-19.968
Tjal_pink,1,22.61,-14.88
Tjal_pink,1,22.99,-46.388
Tjal_pink,1,23.37,-69.394
Tjal_pink,1,23.75,-45.049
Tjal_pink,1,24.13,-46.371
Tjal_pink,1,24.51,-37.175
Tjal_pink,1,24.89,-24.022
Tjal_pink,1,25.27,-35.918
Tjal_pink,1,25.65,-20.54
Tjal_pink,1,26.03,-6.444
Tjal_pink,1,26.41,4.949
Tjal_pink,1,26.79,10.665
Tjal_pink,1,27.17,6.467
Tjal_pink,1,27.55,30.807
Tjal_pink,1,27.93,55.073
Tjal_pink,1,28.31,46.025
Tjal_pink,1,28.69,15.818
Tjal_pink,1,29.07,20.584
Tjal_pink,1,29.45,55.082
Tjal_pink,1,29.83,42.758
Tjal_pink,1,30.21,29.361
Tjal_pink,1,30.59,16.412
Tjal_pink,1,30.97,22.282
Tjal_pink,1,31.35,23.131
Tjal_pink,1,31.73,12.9
Tjal_pink,1,32.11,17.37
Tjal_pink,1,32.49,0.235
Tjal_pink,1,32.87,13.808
Tjal_pink,1,33.25,-0.512
Tjal_pink,1,33.63,0.342
Tjal_pink,1,34.01,5.463
Tjal_pink,1,34.39,-9.712
Tjal_pink,1,34.77,-12.47
Tjal_pink,1,35.15,6.9658
Tjal_pink,1,35.53,0
Tjal_pink,1,35.91,0
Tjal_pink,1,36.29,0
Tjal_pink,1,36.67,0
Tjal_pink,1,37.05,0
Tjal_pink,1,37.43,0
Tjal_pink,1,37.81,0
Tjal_pink,250,-37.81,0
Tjal_pink,250,-37.43,0
Tjal_pink,250,-37.05,0
Tjal_pink,250,-36.67,0
Tjal_pink,250,-36.29,0
Tjal_pink,250,-35.91,0
Tjal_pink,250,-35.53,0
Tjal_pink,250,-35.15,38.4226
Tjal_pink,250,-34.77,266.9
Tjal_pink,250,-34.39,270.749
Tjal_pink,250,-34.01,263.576
Tjal_pink,250,-33.63,257.311
Tjal_pink,250,-33.25,262.021
Tjal_pink,250,-32.87,249.638
Tjal_pink,250,-32.49,259.05
Tjal_pink,250,-32.11,268.833
Tjal_pink,250,-31.73,263.089
Tjal_pink,250,-31.35,267.915
Tjal_pink,250,-30.97,272.239
Tjal_pink,250,-30.59,274.232
Tjal_pink,250,-30.21,275.561
Tjal_pink,250,-29.83,277.806
Tjal_pink,250,-29.45,282.92
Tjal_pink,250,-29.07,298.25
Tjal_pink,250,-28.69,298.401
Tjal_pink,250,-28.31,287.514
Tjal_pink,250,-27.93,283.197
Tjal_pink,250,-27.55,282.067
Tjal_pink,250,-27.17,287.368
Tjal_pink,250,-26.79,263.384
Tjal_pink,250,-26.41,248.046
Tjal_pink,250,-26.03,255.806
Tjal_pink,250,-25.65,234.616
Tjal_pink,250,-25.27,234.494
Tjal_pink,250,-24.89,241.864
Tjal_pink,250,-24.51,206.819
Tjal_pink,250,-24.13,202.248
Tjal_pink,250,-23.75,193.14
Tjal_pink,250,-23.37,189.818
Tjal_pink,250,-22.99,230.017
Tjal_pink,250,-22.61,250.893
Tjal_pink,250,-22.23,266.369
Tjal_pink,250,-21.85,264.534
Tjal_pink,250,-21.47,271.89
Tjal_pink,250,-21.09,253.407
Tjal_pink,250,-20.71,220.336
Tjal_pink,250,-20.33,207.886
Tjal_pink,250,-19.95,141.064
Tjal_pink,250,-19.57,78.395
Tjal_pink,250,-19.19,53.981
Tjal_pink,250,-18.81,-1.247
Tjal_pink,250,-18.43,-40.505
Tjal_pink,250,-18.05,-33.371
Tjal_pink,250,-17.67,-61.333
Tjal_pink,250,-17.29,-39.308
Tjal_pink,250,-16.91,8.372
Tjal_pink,250,-16.53,43.78
Tjal_pink,250,-16.15,90.712
Tjal_pink,250,-15.77,122.187
Tjal_pink,250,-15.39,159.05
Tjal_pink,250,-15.01,208.555
Tjal_pink,250,-14.63,268.977
Tjal_pink,250,-14.25,282.834
Tjal_pink,250,-13.87,286.521
Tjal_pink,250,-13.49,303.577
Tjal_pink,250,-13.11,311.984
Tjal_pink,250,-12.73,336.084
Tjal_pink,250,-12.35,338.34
Tjal_pink,250,-11.97,339.573
Tjal_pink,250,-11.59,340.051
Tjal_pink,250,-11.21,345.759
Tjal_pink,250,-10.83,362.658
Tjal_pink,250,-10.45,377.741
Tjal_pink,250,-10.07,392.255
Tjal_pink,250,-9.69,389.978
Tjal_pink,250,-9.31,381.633
Tjal_pink,250,-8.93,372.115
Tjal_pink,250,-8.55,375.16
Tjal_pink,250,-8.17,383.667
Tjal_pink,250,-7.79,364.693
Tjal_pink,250,-7.41,342.572
Tjal_pink,250,-7.03,328.995
Tjal_pink,250,-6.65,313.565
Tjal_pink,250,-6.27,310.002
Tjal_pink,250,-5.89,301.606
Tjal_pink,250,-5.51,283.118
Tjal_pink,250,-5.13,275.535
Tjal_pink,250,-4.75,275.685
Tjal_pink,250,-4.37,283.957
Tjal_pink,250,-3.99,289.344
Tjal_pink,250,-3.61,289.579
Tjal_pink,250,-3.23,298.22
Tjal_pink,250,-2.85,308.284
Tjal_pink,250,-2.47,310.704
Tjal_pink,250,-2.09,321.346
Tjal_pink,250,-1.71,353.127
Tjal_pink,250,-1.33,376.312
Tjal_pink,250,-0.95,391.49
Tjal_pink,250,-0.57,400.614
Tjal_pink,250,-0.19,414.155
Tjal_pink,250,0.19,420.927
Tjal_pink,250,0.57,398.919
Tjal_pink,250,0.95,386.446
Tjal_pink,250,1.33,383.891
Tjal_pink,250,1.71,359.351
Tjal_pink,250,2.09,338.154
Tjal_pink,250,2.47,330.701
Tjal_pink,250,2.85,319.906
Tjal_pink,250,3.23,296.345
Tjal_pink,250,3.61,284.716
Tjal_pink,250,3.99,286.805
Tjal_pink,250,4.37,279.949
Tjal_pink,250,4.75,276.873
Tjal_pink,250,5.13,275.132
Tjal_pink,250,5.51,284.813
Tjal_pink,250,5.89,295.67
Tjal_pink,250,6.27,315.116
Tjal_pink,250,6.65,336.024
Tjal_pink,250,7.03,336.581
Tjal_pink,250,7.41,348.908
Tjal_pink,250,7.79,353.949
Tjal_pink,250,8.17,355.71
Tjal_pink,250,8.55,374.315
Tjal_pink,250,8.93,391.336
Tjal_pink,250,9.31,391.419
Tjal_pink,250,9.69,378.119
Tjal_pink,250,10.07,368.706
Tjal_pink,250,10.45,359.084
Tjal_pink,250,10.83,357.407
Tjal_pink,250,11.21,349.312
Tjal_pink,250,11.59,336.006
Tjal_pink,250,11.97,338.1
Tjal_pink,250,12.35,335.844
Tjal_pink,250,12.73,330.798
Tjal_pink,250,13.11,316.902
Tjal_pink,250,13.49,314.451
Tjal_pink,250,13.87,310.115
Tjal_pink,250,14.25,284.552
Tjal_pink,250,14.63,240.556
Tjal_pink,250,15.01,220.651
Tjal_pink,250,15.39,212.974
Tjal_pink,250,15.77,151.209
Tjal_pink,250,16.15,69.885
Tjal_pink,250,16.53,-4.496
Tjal_pink,250,16.91,-6.534
Tjal_pink,250,17.29,-17.48
Tjal_pink,250,17.67,-60.051
Tjal_pink,250,18.05,-30.508
Tjal_pink,250,18.43,-21.042
Tjal_pink,250,18.81,-1.146
Tjal_pink,250,19.19,51.324
Tjal_pink,250,19.57,116.668
Tjal_pink,250,19.95,172.27
Tjal_pink,250,20.33,190.35
Tjal_pink,250,20.71,244.263
Tjal_pink,250,21.09,245.457
Tjal_pink,250,21.47,241.702
Tjal_pink,250,21.85,287.679
Tjal_pink,250,22.23,269.716
Tjal_pink,250,22.61,217.187
Tjal_pink,250,22.99,216.459
Tjal_pink,250,23.37,218.263
Tjal_pink,250,23.75,204.339
Tjal_pink,250,24.13,194.757
Tjal_pink,250,24.51,202.739
Tjal_pink,250,24.89,229.323
Tjal_pink,250,25.27,217.674
Tjal_pink,250,25.65,225.741
Tjal_pink,250,26.03,255.67
Tjal_pink,250,26.41,261.053
Tjal_pink,250,26.79,267.38
Tjal_pink,250,27.17,277.816
Tjal_pink,250,27.55,292.608
Tjal_pink,250,27.93,303.427
Tjal_pink,250,28.31,308.44
Tjal_pink,250,28.69,290.117
Tjal_pink,250,29.07,289.634
Tjal_pink,250,29.45,299.951
Tjal_pink,250,29.83,286.479
Tjal_pink,250,30.21,273.269
Tjal_pink,250,30.59,272.995
Tjal_pink,250,30.97,282.405
Tjal_pink,250,31.35,265.397
Tjal_pink,250,31.73,272.927
Tjal_pink,250,32.11,290.431
Tjal_pink,250,32.49,259.654
Tjal_pink,250,32.87,234.737
Tjal_pink,250,33.25,257.491
Tjal_pink,250,33.63,264.474
Tjal_pink,250,34.01,266.194
Tjal_pink,250,34.39,246.212
Tjal_pink,250,34.77,259.358
Tjal_pink,250,35.15,45.6421
Tjal_pink,250,35.53,0
Tjal_pink,250,35.91,0
Tjal_pink,250,36.29,0
Tjal_pink,250,36.67,0
Tjal_pink,250,37.05,0
Tjal_pink,250,37.43,0
Tjal_pink,250,37.81,0
Tjal_pink,500,-37.81,0
Tjal_pink,500,-37.43,0
Tjal_pink,500,-37.05,0
Tjal_pink,500,-36.67,0
Tjal_pink,500,-36.29,0
Tjal_pink,500,-35.91,0
Tjal_pink,500,-35.53,0
Tjal_pink,500,-35.15,133.755
Tjal_pink,500,-34.77,633.254
Tjal_pink,500,-34.39,528.746
Tjal_pink,500,-34.01,518.884
Tjal_pink,500,-33.63,499.301
Tjal_pink,500,-33.25,505.708
Tjal_pink,500,-32.87,518.056
Tjal_pink,500,-32.49,496.964
Tjal_pink,500,-32.11,519.709
Tjal_pink,500,-31.73,518.51
Tjal_pink,500,-31.35,512.651
Tjal_pink,500,-30.97,539.705
Tjal_pink,500,-30.59,532.081
Tjal_pink,500,-30.21,528.552
Tjal_pink,500,-29.83,539.915
Tjal_pink,500,-29.45,522.539
Tjal_pink,500,-29.07,538.129
Tjal_pink,500,-28.69,544.796
Tjal_pink,500,-28.31,522.869
Tjal_pink,500,-27.93,535.574
Tjal_pink,500,-27.55,526.802
Tjal_pink,500,-27.17,518.868
Tjal_pink,500,-26.79,522.472
Tjal_pink,500,-26.41,507.319
Tjal_pink,500,-26.03,489.57
Tjal_pink,500,-25.65,488.882
Tjal_pink,500,-25.27,472.354
Tjal_pink,500,-24.89,457.856
Tjal_pink,500,-24.51,452.627
Tjal_pink,500,-24.13,465.317
Tjal_pink,500,-23.75,489.14
Tjal_pink,500,-23.37,476.746
Tjal_pink,500,-22.99,463.107
Tjal_pink,500,-22.61,469.269
Tjal_pink,500,-22.23,524.532
Tjal_pink,500,-21.85,534.108
Tjal_pink,500,-21.47,547.555
Tjal_pink,500,-21.09,497.346
Tjal_pink,500,-20.71,424.163
Tjal_pink,500,-20.33,415.685
Tjal_pink,500,-19.95,355.674
Tjal_pink,500,-19.57,315.553
Tjal_pink,500,-19.19,290.348
Tjal_pink,500,-18.81,289.635
Tjal_pink,500,-18.43,275.592
Tjal_pink,500,-18.05,244.263
Tjal_pink,500,-17.67,241.196
Tjal_pink,500,-17.29,264.911
Tjal_pink,500,-16.91,305.635
Tjal_pink,500,-16.53,339.714
Tjal_pink,500,-16.15,379.896
Tjal_pink,500,-15.77,392.221
Tjal_pink,500,-15.39,407.146
Tjal_pink,500,-15.01,437.521
Tjal_pink,500,-14.63,455.371
Tjal_pink,500,-14.25,482.759
Tjal_pink,500,-13.87,509.358
Tjal_pink,500,-13.49,536.226
Tjal_pink,500,-13.11,556.184
Tjal_pink,500,-12.73,565.317
Tjal_pink,500,-12.35,572.113
Tjal_pink,500,-11.97,571.511
Tjal_pink,500,-11.59,583.797
Tjal_pink,500,-11.21,599.703
Tjal_pink,500,-10.83,615.317
Tjal_pink,500,-10.45,624.364
Tjal_pink,500,-10.07,642.622
Tjal_pink,500,-9.69,645.694
Tjal_pink,500,-9.31,644.751
Tjal_pink,500,-8.93,645.742
Tjal_pink,500,-8.55,636.53
Tjal_pink,500,-8.17,626.814
Tjal_pink,500,-7.79,606.13
Tjal_pink,500,-7.41,590.862
Tjal_pink,500,-7.03,573.867
Tjal_pink,500,-6.65,559.959
Tjal_pink,500,-6.27,568.961
Tjal_pink,500,-5.89,567.089
Tjal_pink,500,-5.51,546.341
Tjal_pink,500,-5.13,545.877
Tjal_pink,500,-4.75,529.615
Tjal_pink,500,-4.37,517.733
Tjal_pink,500,-3.99,530.388
Tjal_pink,500,-3.61,536.677
Tjal_pink,500,-3.23,547.294
Tjal_pink,500,-2.85,566.84
Tjal_pink,500,-2.47,585.36
Tjal_pink,500,-2.09,600.502
Tjal_pink,500,-1.71,607.643
Tjal_pink,500,-1.33,624.573
Tjal_pink,500,-0.95,632.815
Tjal_pink,500,-0.57,628.583
Tjal_pink,500,-0.19,632.311
Tjal_pink,500,0.19,643.548
Tjal_pink,500,0.57,636.097
Tjal_pink,500,0.95,614.341
Tjal_pink,500,1.33,599.17
Tjal_pink,500,1.71,598.816
Tjal_pink,500,2.09,598.951
Tjal_pink,500,2.47,569.969
Tjal_pink,500,2.85,550.743
Tjal_pink,500,3.23,542.325
Tjal_pink,500,3.61,534.669
Tjal_pink,500,3.99,539.362
Tjal_pink,500,4.37,529.705
Tjal_pink,500,4.75,528.92
Tjal_pink,500,5.13,533.139
Tjal_pink,500,5.51,527.99
Tjal_pink,500,5.89,553.106
Tjal_pink,500,6.27,576.186
Tjal_pink,500,6.65,562.71
Tjal_pink,500,7.03,579.776
Tjal_pink,500,7.41,610.094
Tjal_pink,500,7.79,606.295
Tjal_pink,500,8.17,598.293
Tjal_pink,500,8.55,605.974
Tjal_pink,500,8.93,624.922
Tjal_pink,500,9.31,652.136
Tjal_pink,500,9.69,649.997
Tjal_pink,500,10.07,638.363
Tjal_pink,500,10.45,644.311
Tjal_pink,500,10.83,642.465
Tjal_pink,500,11.21,618.561
Tjal_pink,500,11.59,599.171
Tjal_pink,500,11.97,582.682
Tjal_pink,500,12.35,571.208
Tjal_pink,500,12.73,560.785
Tjal_pink,500,13.11,553.251
Tjal_pink,500,13.49,551.174
Tjal_pink,500,13.87,517.552
Tjal_pink,500,14.25,497.958
Tjal_pink,500,14.63,483.478
Tjal_pink,500,15.01,457.299
Tjal_pink,500,15.39,431.29
Tjal_pink,500,15.77,387.377
Tjal_pink,500,16.15,331.028
Tjal_pink,500,16.53,284.329
Tjal_pink,500,16.91,281.767
Tjal_pink,500,17.29,282.329
Tjal_pink,500,17.67,266.894
Tjal_pink,500,18.05,212.087
Tjal_pink,500,18.43,211.749
Tjal_pink,500,18.81,257.872
Tjal_pink,500,19.19,275.244
Tjal_pink,500,19.57,332.416
Tjal_pink,500,19.95,374.412
Tjal_pink,500,20.33,438.117
Tjal_pink,500,20.71,519.978
Tjal_pink,500,21.09,511.842
Tjal_pink,500,21.47,489.007
Tjal_pink,500,21.85,521.091
Tjal_pink,500,22.23,497.221
Tjal_pink,500,22.61,472.613
Tjal_pink,500,22.99,495.5
Tjal_pink,500,23.37,481.931
Tjal_pink,500,23.75,487.187
Tjal_pink,500,24.13,457.717
Tjal_pink,500,24.51,461.805
Tjal_pink,500,24.89,484.483
Tjal_pink,500,25.27,469.092
Tjal_pink,500,25.65,495.19
Tjal_pink,500,26.03,478.866
Tjal_pink,500,26.41,509.983
Tjal_pink,500,26.79,523.346
Tjal_pink,500,27.17,509.824
Tjal_pink,500,27.55,532.258
Tjal_pink,500,27.93,546.838
Tjal_pink,500,28.31,543.528
Tjal_pink,500,28.69,533.982
Tjal_pink,500,29.07,539.157
Tjal_pink,500,29.45,533.599
Tjal_pink,500,29.83,535.551
Tjal_pink,500,30.21,528.289
Tjal_pink,500,30.59,526.493
Tjal_pink,500,30.97,526.021
Tjal_pink,500,31.35,520.009
Tjal_pink,500,31.73,535.735
Tjal_pink,500,32.11,516.484
Tjal_pink,500,32.49,494.776
Tjal_pink,500,32.87,507.219
Tjal_pink,500,33.25,508.195
Tjal_pink,500,33.63,519.801
Tjal_pink,500,34.01,506.677
Tjal_pink,500,34.39,506.745
Tjal_pink,500,34.77,676.387
Tjal_pink,500,35.15,94.6259
Tjal_pink,500,35.53,0
Tjal_pink,500,35.91,0
Tjal_pink,500,36.29,0
Tjal_pink,500,36.67,0
Tjal_pink,500,37.05,0
Tjal_pink,500,37.43,0
Tjal_pink,500,37.81,0
Tjal_pink,1000,-37.81,0
Tjal_pink,1000,-37.43,0
Tjal_pink,1000,-37.05,0
Tjal_pink,1000,-36.67,0
Tjal_pink,1000,-36.29,0
Tjal_pink,1000,-35.91,0
Tjal_pink,1000,-35.53,0
Tjal_pink,1000,-35.15,522.985
Tjal_pink,1000,-34.77,1018.93
Tjal_pink,1000,-34.39,1030.45
Tjal_pink,1000,-34.01,1015.17
Tjal_pink,1000,-33.63,1003.41
Tjal_pink,1000,-33.25,1015.16
Tjal_pink,1000,-32.87,1028.44
Tjal_pink,1000,-32.49,996.06
Tjal_pink,1000,-32.11,1003.25
Tjal_pink,1000,-31.73,1029.06
Tjal_pink,1000,-31.35,1010.85
Tjal_pink,1000,-30.97,1021.42
Tjal_pink,1000,-30.59,1026.91
Tjal_pink,1000,-30.21,1026.52
Tjal_pink,1000,-29.83,1020.92
Tjal_pink,1000,-29.45,1026.46
Tjal_pink,1000,-29.07,1035.96
Tjal_pink,1000,-28.69,1036.83
Tjal_pink,1000,-28.31,1023.28
Tjal_pink,1000,-27.93,1022.34
Tjal_pink,1000,-27.55,1032.46
Tjal_pink,1000,-27.17,1016.92
Tjal_pink,1000,-26.79,1007.73
Tjal_pink,1000,-26.41,990.27
Tjal_pink,1000,-26.03,985.945
Tjal_pink,1000,-25.65,974.528
Tjal_pink,1000,-25.27,970.73
Tjal_pink,1000,-24.89,960.013
Tjal_pink,1000,-24.51,961.533
Tjal_pink,1000,-24.13,968.794
Tjal_pink,1000,-23.75,969.112
Tjal_pink,1000,-23.37,993.147
Tjal_pink,1000,-22.99,1014.29
Tjal_pink,1000,-22.61,1029.45
Tjal_pink,1000,-22.23,1050.95
Tjal_pink,1000,-21.85,1064.64
Tjal_pink,1000,-21.47,1034.26
Tjal_pink,1000,-21.09,998.549
Tjal_pink,1000,-20.71,941.991
Tjal_pink,1000,-20.33,899.804
Tjal_pink,1000,-19.95,882.275
Tjal_pink,1000,-19.57,836.51
Tjal_pink,1000,-19.19,828.467
Tjal_pink,1000,-18.81,815.837
Tjal_pink,1000,-18.43,751.588
Tjal_pink,1000,-18.05,751.996
Tjal_pink,1000,-17.67,765.357
Tjal_pink,1000,-17.29,771.327
Tjal_pink,1000,-16.91,824.606
Tjal_pink,1000,-16.53,825.117
Tjal_pink,1000,-16.15,822.427
Tjal_pink,1000,-15.77,866.548
Tjal_pink,1000,-15.39,899.679
Tjal_pink,1000,-15.01,930.95
Tjal_pink,1000,-14.63,956.303
Tjal_pink,1000,-14.25,978.759
Tjal_pink,1000,-13.87,1004.09
Tjal_pink,1000,-13.49,1031.09
Tjal_pink,1000,-13.11,1048.39
Tjal_pink,1000,-12.73,1052.56
Tjal_pink,1000,-12.35,1057.44
Tjal_pink,1000,-11.97,1078.85
Tjal_pink,1000,-11.59,1093.22
Tjal_pink,1000,-11.21,1080.33
Tjal_pink,1000,-10.83,1112.05
Tjal_pink,1000,-10.45,1147.18
Tjal_pink,1000,-10.07,1141.4
Tjal_pink,1000,-9.69,1137.04
Tjal_pink,1000,-9.31,1128.15
Tjal_pink,1000,-8.93,1113.87
Tjal_pink,1000,-8.55,1113.83
Tjal_pink,1000,-8.17,1118.51
Tjal_pink,1000,-7.79,1095.99
Tjal_pink,1000,-7.41,1067.53
Tjal_pink,1000,-7.03,1067.79
Tjal_pink,1000,-6.65,1060.81
Tjal_pink,1000,-6.27,1043.3
Tjal_pink,1000,-5.89,1037.16
Tjal_pink,1000,-5.51,1050.46
Tjal_pink,1000,-5.13,1039.55
Tjal_pink,1000,-4.75,1011.83
Tjal_pink,1000,-4.37,1014.73
Tjal_pink,1000,-3.99,1021.99
Tjal_pink,1000,-3.61,1020.8
Tjal_pink,1000,-3.23,1036.04
Tjal_pink,1000,-2.85,1060.56
Tjal_pink,1000,-2.47,1069.17
Tjal_pink,1000,-2.09,1080.14
Tjal_pink,1000,-1.71,1099.68
Tjal_pink,1000,-1.33,1120.69
Tjal_pink,1000,-0.95,1119.32
Tjal_pink,1000,-0.57,1115.51
Tjal_pink,1000,-0.19,1129.59
Tjal_pink,1000,0.19,1121.15
Tjal_pink,1000,0.57,1121.91
Tjal_pink,1000,0.95,1123.39
Tjal_pink,1000,1.33,1108.02
Tjal_pink,1000,1.71,1091.57
Tjal_pink,1000,2.09,1074.96
Tjal_pink,1000,2.47,1057.19
Tjal_pink,1000,2.85,1051.25
Tjal_pink,1000,3.23,1044.05
Tjal_pink,1000,3.61,1029.4
Tjal_pink,1000,3.99,1027.06
Tjal_pink,1000,4.37,1024.64
Tjal_pink,1000,4.75,1030.54
Tjal_pink,1000,5.13,1035.53
Tjal_pink,1000,5.51,1044.31
Tjal_pink,1000,5.89,1048.49
Tjal_pink,1000,6.27,1041.25
Tjal_pink,1000,6.65,1051.86
Tjal_pink,1000,7.03,1074.25
Tjal_pink,1000,7.41,1072.47
Tjal_pink,1000,7.79,1081.45
Tjal_pink,1000,8.17,1119.36
Tjal_pink,1000,8.55,1130.2
Tjal_pink,1000,8.93,1116.93
Tjal_pink,1000,9.31,1120.62
Tjal_pink,1000,9.69,1131.8
Tjal_pink,1000,10.07,1116.36
Tjal_pink,1000,10.45,1093.78
Tjal_pink,1000,10.83,1096.27
Tjal_pink,1000,11.21,1082.9
Tjal_pink,1000,11.59,1063.85
Tjal_pink,1000,11.97,1075.57
Tjal_pink,1000,12.35,1076.15
Tjal_pink,1000,12.73,1084.59
Tjal_pink,1000,13.11,1085.51
Tjal_pink,1000,13.49,1057.02
Tjal_pink,1000,13.87,1050.63
Tjal_pink,1000,14.25,1031.28
Tjal_pink,1000,14.63,999.718
Tjal_pink,1000,15.01,976.614
Tjal_pink,1000,15.39,948.808
Tjal_pink,1000,15.77,922.747
Tjal_pink,1000,16.15,877.574
Tjal_pink,1000,16.53,795.567
Tjal_pink,1000,16.91,738.586
Tjal_pink,1000,17.29,759.48
Tjal_pink,1000,17.67,775.06
Tjal_pink,1000,18.05,777.233
Tjal_pink,1000,18.43,798.244
Tjal_pink,1000,18.81,804.854
Tjal_pink,1000,19.19,836.917
Tjal_pink,1000,19.57,874.599
Tjal_pink,1000,19.95,935.008
Tjal_pink,1000,20.33,964.954
Tjal_pink,1000,20.71,951.834
Tjal_pink,1000,21.09,1001.46
Tjal_pink,1000,21.47,1037.51
Tjal_pink,1000,21.85,996.161
Tjal_pink,1000,22.23,990.431
Tjal_pink,1000,22.61,1007.02
Tjal_pink,1000,22.99,1007.79
Tjal_pink,1000,23.37,1001.71
Tjal_pink,1000,23.75,983.271
Tjal_pink,1000,24.13,995.163
Tjal_pink,1000,24.51,991.232
Tjal_pink,1000,24.89,964.223
Tjal_pink,1000,25.27,989.542
Tjal_pink,1000,25.65,992.496
Tjal_pink,1000,26.03,968.403
Tjal_pink,1000,26.41,1014.87
Tjal_pink,1000,26.79,1038.49
Tjal_pink,1000,27.17,1008.34
Tjal_pink,1000,27.55,1009.83
Tjal_pink,1000,27.93,1027.78
Tjal_pink,1000,28.31,1020.04
Tjal_pink,1000,28.69,1032.3
Tjal_pink,1000,29.07,1049.18
Tjal_pink,1000,29.45,1042.24
Tjal_pink,1000,29.83,1032.7
Tjal_pink,1000,30.21,1018.43
Tjal_pink,1000,30.59,1020.82
Tjal_pink,1000,30.97,1040.52
Tjal_pink,1000,31.35,1026.7
Tjal_pink,1000,31.73,1006.91
Tjal_pink,1000,32.11,1026.72
Tjal_pink,1000,32.49,1011.91
Tjal_pink,1000,32.87,1003.08
Tjal_pink,1000,33.25,1024.08
Tjal_pink,1000,33.63,1013.2
Tjal_pink,1000,34.01,998.187
Tjal_pink,1000,34.39,1010.27
Tjal_pink,1000,34.77,1052.99
Tjal_pink,1000,35.15,422.943
Tjal_pink,1000,35.53,0
Tjal_pink,1000,35.91,0
Tjal_pink,1000,36.29,0
Tjal_pink,1000,36.67,0
Tjal_pink,1000,37.05,0
Tjal_pink,1000,37.43,0
Tjal_pink,1000,37.81,0
Tjal_pink,1500,-37.81,0
Tjal_pink,1500,-37.43,0
Tjal_pink,1500,-37.05,0
Tjal_pink,1500,-36.67,0
Tjal_pink,1500,-36.29,0
Tjal_pink,1500,-35.91,0
Tjal_pink,1500,-35.53,0
Tjal_pink,1500,-35.15,868.88
Tjal_pink,1500,-34.77,1578.25
Tjal_pink,1500,-34.39,1539.61
Tjal_pink,1500,-34.01,1509.3
Tjal_pink,1500,-33.63,1509.37
Tjal_pink,1500,-33.25,1496.88
Tjal_pink,1500,-32.87,1509.5
Tjal_pink,1500,-32.49,1511.82
Tjal_pink,1500,-32.11,1515.58
Tjal_pink,1500,-31.73,1520.88
Tjal_pink,1500,-31.35,1508.76
Tjal_pink,1500,-30.97,1522.73
Tjal_pink,1500,-30.59,1535.07
Tjal_pink,1500,-30.21,1532.57
Tjal_pink,1500,-29.83,1523.96
Tjal_pink,1500,-29.45,1538.89
Tjal_pink,1500,-29.07,1540.27
Tjal_pink,1500,-28.69,1519.18
Tjal_pink,1500,-28.31,1533.05
Tjal_pink,1500,-27.93,1528.82
Tjal_pink,1500,-27.55,1523.71
Tjal_pink,1500,-27.17,1520.15
Tjal_pink,1500,-26.79,1507.88
Tjal_pink,1500,-26.41,1495.52
Tjal_pink,1500,-26.03,1485.88
Tjal_pink,1500,-25.65,1476.89
Tjal_pink,1500,-25.27,1463.14
Tjal_pink,1500,-24.89,1451.6
Tjal_pink,1500,-24.51,1473.57
Tjal_pink,1500,-24.13,1488.24
Tjal_pink,1500,-23.75,1486.12
Tjal_pink,1500,-23.37,1509.13
Tjal_pink,1500,-22.99,1537.88
Tjal_pink,1500,-22.61,1554.38
Tjal_pink,1500,-22.23,1515.8
Tjal_pink,1500,-21.85,1528.45
Tjal_pink,1500,-21.47,1545
Tjal_pink,1500,-21.09,1488.62
Tjal_pink,1500,-20.71,1433.34
Tjal_pink,1500,-20.33,1460.86
Tjal_pink,1500,-19.95,1447.08
Tjal_pink,1500,-19.57,1366.31
Tjal_pink,1500,-19.19,1335.87
Tjal_pink,1500,-18.81,1300.71
Tjal_pink,1500,-18.43,1270.63
Tjal_pink,1500,-18.05,1252.47
Tjal_pink,1500,-17.67,1267.25
Tjal_pink,1500,-17.29,1280.99
Tjal_pink,1500,-16.91,1305.67
Tjal_pink,1500,-16.53,1323.86
Tjal_pink,1500,-16.15,1341.17
Tjal_pink,1500,-15.77,1394.22
Tjal_pink,1500,-15.39,1424.4
Tjal_pink,1500,-15.01,1448.47
Tjal_pink,1500,-14.63,1476.85
Tjal_pink,1500,-14.25,1474.45
Tjal_pink,1500,-13.87,1481.51
Tjal_pink,1500,-13.49,1502.12
Tjal_pink,1500,-13.11,1502.1
Tjal_pink,1500,-12.73,1509.52
Tjal_pink,1500,-12.35,1533.92
Tjal_pink,1500,-11.97,1544.58
Tjal_pink,1500,-11.59,1564.49
Tjal_pink,1500,-11.21,1594.07
Tjal_pink,1500,-10.83,1604.56
Tjal_pink,1500,-10.45,1612.69
Tjal_pink,1500,-10.07,1634.85
Tjal_pink,1500,-9.69,1647.42
Tjal_pink,1500,-9.31,1650.65
Tjal_pink,1500,-8.93,1644.36
Tjal_pink,1500,-8.55,1634.37
Tjal_pink,1500,-8.17,1615.45
Tjal_pink,1500,-7.79,1588.36
Tjal_pink,1500,-7.41,1586.53
Tjal_pink,1500,-7.03,1594.99
Tjal_pink,1500,-6.65,1581.69
Tjal_pink,1500,-6.27,1551.14
Tjal_pink,1500,-5.89,1531.89
Tjal_pink,1500,-5.51,1526.99
Tjal_pink,1500,-5.13,1533.92
Tjal_pink,1500,-4.75,1520.94
Tjal_pink,1500,-4.37,1508.72
Tjal_pink,1500,-3.99,1530.14
Tjal_pink,1500,-3.61,1528.29
Tjal_pink,1500,-3.23,1523.22
Tjal_pink,1500,-2.85,1541.08
Tjal_pink,1500,-2.47,1552.8
Tjal_pink,1500,-2.09,1564.19
Tjal_pink,1500,-1.71,1590.2
Tjal_pink,1500,-1.33,1607.39
Tjal_pink,1500,-0.95,1616.96
Tjal_pink,1500,-0.57,1634.27
Tjal_pink,1500,-0.19,1644.92
Tjal_pink,1500,0.19,1637.05
Tjal_pink,1500,0.57,1633.19
Tjal_pink,1500,0.95,1623.41
Tjal_pink,1500,1.33,1602.38
Tjal_pink,1500,1.71,1586.74
Tjal_pink,1500,2.09,1561.46
Tjal_pink,1500,2.47,1538.19
Tjal_pink,1500,2.85,1528.89
Tjal_pink,1500,3.23,1513.44
Tjal_pink,1500,3.61,1525.21
Tjal_pink,1500,3.99,1537.47
Tjal_pink,1500,4.37,1523.16
Tjal_pink,1500,4.75,1527.87
Tjal_pink,1500,5.13,1524.93
Tjal_pink,1500,5.51,1525.06
Tjal_pink,1500,5.89,1536.01
Tjal_pink,1500,6.27,1544.35
Tjal_pink,1500,6.65,1569.27
Tjal_pink,1500,7.03,1580.98
Tjal_pink,1500,7.41,1582.58
Tjal_pink,1500,7.79,1604.77
Tjal_pink,1500,8.17,1636.33
Tjal_pink,1500,8.55,1642.4
Tjal_pink,1500,8.93,1633.18
Tjal_pink,1500,9.31,1624.21
Tjal_pink,1500,9.69,1623.09
Tjal_pink,1500,10.07,1627.26
Tjal_pink,1500,10.45,1610.44
Tjal_pink,1500,10.83,1601.45
Tjal_pink,1500,11.21,1604.38
Tjal_pink,1500,11.59,1604.27
Tjal_pink,1500,11.97,1584.08
Tjal_pink,1500,12.35,1560.41
Tjal_pink,1500,12.73,1549.43
Tjal_pink,1500,13.11,1536.24
Tjal_pink,1500,13.49,1527.99
Tjal_pink,1500,13.87,1510.02
Tjal_pink,1500,14.25,1507.83
Tjal_pink,1500,14.63,1502.82
Tjal_pink,1500,15.01,1467.18
Tjal_pink,1500,15.39,1424.72
Tjal_pink,1500,15.77,1385.73
Tjal_pink,1500,16.15,1361.68
Tjal_pink,1500,16.53,1321.63
Tjal_pink,1500,16.91,1263.87
Tjal_pink,1500,17.29,1254.45
Tjal_pink,1500,17.67,1253.88
Tjal_pink,1500,18.05,1215.18
Tjal_pink,1500,18.43,1213.63
Tjal_pink,1500,18.81,1248.86
Tjal_pink,1500,19.19,1281.41
Tjal_pink,1500,19.57,1337.89
Tjal_pink,1500,19.95,1418.64
Tjal_pink,1500,20.33,1506.24
Tjal_pink,1500,20.71,1554.12
Tjal_pink,1500,21.09,1592.9
Tjal_pink,1500,21.47,1597.89
Tjal_pink,1500,21.85,1569.71
Tjal_pink,1500,22.23,1569.56
Tjal_pink,1500,22.61,1548.81
Tjal_pink,1500,22.99,1495.09
Tjal_pink,1500,23.37,1450.81
Tjal_pink,1500,23.75,1471.2
Tjal_pink,1500,24.13,1482.99
Tjal_pink,1500,24.51,1470.8
Tjal_pink,1500,24.89,1470.18
Tjal_pink,1500,25.27,1468.04
Tjal_pink,1500,25.65,1493.17
Tjal_pink,1500,26.03,1496.14
Tjal_pink,1500,26.41,1499.17
Tjal_pink,1500,26.79,1510.79
Tjal_pink,1500,27.17,1527.55
Tjal_pink,1500,27.55,1541.78
Tjal_pink,1500,27.93,1508.81
Tjal_pink,1500,28.31,1522.27
Tjal_pink,1500,28.69,1542.71
Tjal_pink,1500,29.07,1538.48
Tjal_pink,1500,29.45,1528.26
Tjal_pink,1500,29.83,1526.01
Tjal_pink,1500,30.21,1543.55
Tjal_pink,1500,30.59,1544.05
Tjal_pink,1500,30.97,1526.96
Tjal_pink,1500,31.35,1511.81
Tjal_pink,1500,31.73,1507.91
Tjal_pink,1500,32.11,1516.42
Tjal_pink,1500,32.49,1513.39
Tjal_pink,1500,32.87,1526
Tjal_pink,1500,33.25,1513.7
Tjal_pink,1500,33.63,1491.41
Tjal_pink,1500,34.01,1493.2
Tjal_pink,1500,34.39,1527.46
Tjal_pink,1500,34.77,1449.67
Tjal_pink,1500,35.15,641.683
Tjal_pink,1500,35.53,0
Tjal_pink,1500,35.91,0
Tjal_pink,1500,36.29,0
Tjal_pink,1500,36.67,0
Tjal_pink,1500,37.05,0
Tjal_pink,1500,37.43,0
Tjal_pink,1500,37.81,0
Boli_vitr,1,-37.81,13.699
Boli_vitr,1,-37.43,6.617
Boli_vitr,1,-37.05,8.273
Boli_vitr,1,-36.67,16.05
Boli_vitr,1,-36.29,8.371
Boli_vitr,1,-35.91,14.002
Boli_vitr,1,-35.53,13.075
Boli_vitr,1,-35.15,12.4
Boli_vitr,1,-34.77,14.219
Boli_vitr,1,-34.39,12.989
Boli_vitr,1,-34.01,11.212
Boli_vitr,1,-33.63,12.079
Boli_vitr,1,-33.25,15.574
Boli_vitr,1,-32.87,16.87
Boli_vitr,1,-32.49,19.507
Boli_vitr,1,-32.11,22.915
Boli_vitr,1,-31.73,24.065
Boli_vitr,1,-31.35,30.092
Boli_vitr,1,-30.97,19.023
Boli_vitr,1,-30.59,21.814
Boli_vitr,1,-30.21,21.354
Boli_vitr,1,-29.83,32.616
Boli_vitr,1,-29.45,13.961
Boli_vitr,1,-29.07,44.7
Boli_vitr,1,-28.69,31.085
Boli_vitr,1,-28.31,39.829
Boli_vitr,1,-27.93,11.065
Boli_vitr,1,-27.55,38.837
Boli_vitr,1,-27.17,-4.06
Boli_vitr,1,-26.79,24.641
Boli_vitr,1,-26.41,-22.258
Boli_vitr,1,-26.03,-3.424
Boli_vitr,1,-25.65,-21.453
Boli_vitr,1,-25.27,-33.762
Boli_vitr,1,-24.89,-49.177
Boli_vitr,1,-24.51,-44.731
Boli_vitr,1,-24.13,22.667
Boli_vitr,1,-23.75,2.323
Boli_vitr,1,-23.37,30.274
Boli_vitr,1,-22.99,-36.851
Boli_vitr,1,-22.61,-17.462
Boli_vitr,1,-22.23,-12.917
Boli_vitr,1,-21.85,46.322
Boli_vitr,1,-21.47,20.328
Boli_vitr,1,-21.09,5.37
Boli_vitr,1,-20.71,-67.499
Boli_vitr,1,-20.33,-117.893
Boli_vitr,1,-19.95,-129.914
Boli_vitr,1,-19.57,-107.401
Boli_vitr,1,-19.19,-161.129
Boli_vitr,1,-18.81,-188.839
Boli_vitr,1,-18.43,-183.835
Boli_vitr,1,-18.05,-171.04
Boli_vitr,1,-17.67,-108.254
Boli_vitr,1,-17.29,-80.232
Boli_vitr,1,-16.91,-74.085
Boli_vitr,1,-16.53,-37.888
Boli_vitr,1,-16.15,-10.285
Boli_vitr,1,-15.77,1.873
Boli_vitr,1,-15.39,7.358
Boli_vitr,1,-15.01,12.657
Boli_vitr,1,-14.63,36.988
Boli_vitr,1,-14.25,37.167
Boli_vitr,1,-13.87,-4.465
Boli_vitr,1,-13.49,-26.167
Boli_vitr,1,-13.11,-23.321
Boli_vitr,1,-12.73,-26.784
Boli_vitr,1,-12.35,-57.471
Boli_vitr,1,-11.97,-30.253
Boli_vitr,1,-11.59,-49.837
Boli_vitr,1,-11.21,-35.643
Boli_vitr,1,-10.83,-17.626
Boli_vitr,1,-10.45,-11.107
Boli_vitr,1,-10.07,11.568
Boli_vitr,1,-9.69,38.252
Boli_vitr,1,-9.31,37.592
Boli_vitr,1,-8.93,38.058
Boli_vitr,1,-8.55,33.223
Boli_vitr,1,-8.17,20.29
Boli_vitr,1,-7.79,8.425
Boli_vitr,1,-7.41,14.407
Boli_vitr,1,-7.03,11.658
Boli_vitr,1,-6.65,-6.005
Boli_vitr,1,-6.27,-14.062
Boli_vitr,1,-5.89,-29.962
Boli_vitr,1,-5.51,-34.499
Boli_vitr,1,-5.13,-22.688
Boli_vitr,1,-4.75,-24.189
Boli_vitr,1,-4.37,-36.452
Boli_vitr,1,-3.99,-33.444
Boli_vitr,1,-3.61,-9.024
Boli_vitr,1,-3.23,13.727
Boli_vitr,1,-2.85,43.112
Boli_vitr,1,-2.47,76.334
Boli_vitr,1,-2.09,114.011
Boli_vitr,1,-1.71,141.063
Boli_vitr,1,-1.33,187.576
Boli_vitr,1,-0.95,221.505
Boli_vitr,1,-0.57,232.858
Boli_vitr,1,-0.19,261.834
Boli_vitr,1,0.19,261.357
Boli_vitr,1,0.57,251.677
Boli_vitr,1,0.95,224.516
Boli_vitr,1,1.33,191.552
Boli_vitr,1,1.71,155.49
Boli_vitr,1,2.09,130.62
Boli_vitr,1,2.47,95.775
Boli_vitr,1,2.85,51.364
Boli_vitr,1,3.23,13.394
Boli_vitr,1,3.61,-6.516
Boli_vitr,1,3.99,-27.148
Boli_vitr,1,4.37,-42.663
Boli_vitr,1,4.75,-29.707
Boli_vitr,1,5.13,-26.734
Boli_vitr,1,5.51,-32.837
Boli_vitr,1,5.89,-31.085
Boli_vitr,1,6.27,-10.258
Boli_vitr,1,6.65,3.209
Boli_vitr,1,7.03,-1.517
Boli_vitr,1,7.41,1.29
Boli_vitr,1,7.79,25.164
Boli_vitr,1,8.17,22.043
Boli_vitr,1,8.55,39.251
Boli_vitr,1,8.93,32.146
Boli_vitr,1,9.31,30.448
Boli_vitr,1,9.69,25.719
Boli_vitr,1,10.07,16.114
Boli_vitr,1,10.45,-10.559
Boli_vitr,1,10.83,-25.216
Boli_vitr,1,11.21,-27.277
Boli_vitr,1,11.59,-40.083
Boli_vitr,1,11.97,-30.778
Boli_vitr,1,12.35,-38.37
Boli_vitr,1,12.73,-27.119
Boli_vitr,1,13.11,-52.406
Boli_vitr,1,13.49,-33.25
Boli_vitr,1,13.87,-17.802
Boli_vitr,1,14.25,-25.669
Boli_vitr,1,14.63,-10.377
Boli_vitr,1,15.01,19.174
Boli_vitr,1,15.39,26.351
Boli_vitr,1,15.77,21.958
Boli_vitr,1,16.15,-6.74
Boli_vitr,1,16.53,-51.799
Boli_vitr,1,16.91,-78.856
Boli_vitr,1,17.29,-97.995
Boli_vitr,1,17.67,-151.392
Boli_vitr,1,18.05,-169.075
Boli_vitr,1,18.43,-161.751
Boli_vitr,1,18.81,-158.804
Boli_vitr,1,19.19,-137.626
Boli_vitr,1,19.57,-107.98
Boli_vitr,1,19.95,-106.236
Boli_vitr,1,20.33,-50.95
Boli_vitr,1,20.71,-37.257
Boli_vitr,1,21.09,-12.676
Boli_vitr,1,21.47,-58.4
Boli_vitr,1,21.85,16.053
Boli_vitr,1,22.23,-22.367
Boli_vitr,1,22.61,46.31
Boli_vitr,1,22.99,-3.604
Boli_vitr,1,23.37,9.626
Boli_vitr,1,23.75,-32.222
Boli_vitr,1,24.13,-4.24
Boli_vitr,1,24.51,-5.547
Boli_vitr,1,24.89,-35.791
Boli_vitr,1,25.27,-8.56
Boli_vitr,1,25.65,-30.753
Boli_vitr,1,26.03,4.976
Boli_vitr,1,26.41,-31.409
Boli_vitr,1,26.79,56.162
Boli_vitr,1,27.17,12.613
Boli_vitr,1,27.55,46.762
Boli_vitr,1,27.93,11.273
Boli_vitr,1,28.31,30.944
Boli_vitr,1,28.69,20.492
Boli_vitr,1,29.07,42.591
Boli_vitr,1,29.45,21.054
Boli_vitr,1,29.83,34.776
Boli_vitr,1,30.21,20.773
Boli_vitr,1,30.59,25.397
Boli_vitr,1,30.97,20.285
Boli_vitr,1,31.35,23.278
Boli_vitr,1,31.73,23.531
Boli_vitr,1,32.11,13.856
Boli_vitr,1,32.49,14.245
Boli_vitr,1,32.87,19.661
Boli_vitr,1,33.25,22.511
Boli_vitr,1,33.63,10.694
Boli_vitr,1,34.01,4.922
Boli_vitr,1,34.39,17.731
Boli_vitr,1,34.77,19.2
Boli_vitr,1,35.15,5.859
Boli_vitr,1,35.53,5.857
Boli_vitr,1,35.91,11.302
Boli_vitr,1,36.29,11.222
Boli_vitr,1,36.67,10.592
Boli_vitr,1,37.05,2.289
Boli_vitr,1,37.43,10.671
Boli_vitr,1,37.81,10.095
Boli_vitr,1000,-37.81,1008.19
Boli_vitr,1000,-37.43,1013.12
Boli_vitr,1000,-37.05,1015.64
Boli_vitr,1000,-36.67,1012.46
Boli_vitr,1000,-36.29,1010.46
Boli_vitr,1000,-35.91,1014.88
Boli_vitr,1000,-35.53,1017.69
Boli_vitr,1000,-35.15,1014.7
Boli_vitr,1000,-34.77,1012.84
Boli_vitr,1000,-34.39,1013.97
Boli_vitr,1000,-34.01,1009.4
Boli_vitr,1000,-33.63,1022.39
Boli_vitr,1000,-33.25,1016.54
Boli_vitr,1000,-32.87,1007.22
Boli_vitr,1000,-32.49,1016.49
Boli_vitr,1000,-32.11,1022.22
Boli_vitr,1000,-31.73,1019.81
Boli_vitr,1000,-31.35,1017.47
Boli_vitr,1000,-30.97,1024.51
Boli_vitr,1000,-30.59,1027.82
Boli_vitr,1000,-30.21,1022.11
Boli_vitr,1000,-29.83,1016.79
Boli_vitr,1000,-29.45,1021.7
Boli_vitr,1000,-29.07,1026.26
Boli_vitr,1000,-28.69,1022.31
Boli_vitr,1000,-28.31,1023.17
Boli_vitr,1000,-27.93,1010.8
Boli_vitr,1000,-27.55,1017.45
Boli_vitr,1000,-27.17,986.341
Boli_vitr,1000,-26.79,1040.93
Boli_vitr,1000,-26.41,880.833
Boli_vitr,1000,-26.03,1134.25
Boli_vitr,1000,-25.65,746.108
Boli_vitr,1000,-25.27,1303.61
Boli_vitr,1000,-24.89,715.491
Boli_vitr,1000,-24.51,1317.04
Boli_vitr,1000,-24.13,872.723
Boli_vitr,1000,-23.75,1013.01
Boli_vitr,1000,-23.37,1199.98
Boli_vitr,1000,-22.99,786.539
Boli_vitr,1000,-22.61,1355.94
Boli_vitr,1000,-22.23,728.154
Boli_vitr,1000,-21.85,966.565
Boli_vitr,1000,-21.47,822.774
Boli_vitr,1000,-21.09,1103.58
Boli_vitr,1000,-20.71,901.291
Boli_vitr,1000,-20.33,949.343
Boli_vitr,1000,-19.95,422.921
Boli_vitr,1000,-19.57,839.506
Boli_vitr,1000,-19.19,853.855
Boli_vitr,1000,-18.81,905.605
Boli_vitr,1000,-18.43,937.328
Boli_vitr,1000,-18.05,937.295
Boli_vitr,1000,-17.67,755.219
Boli_vitr,1000,-17.29,1042.05
Boli_vitr,1000,-16.91,1052.84
Boli_vitr,1000,-16.53,1068.03
Boli_vitr,1000,-16.15,1061.04
Boli_vitr,1000,-15.77,1033.69
Boli_vitr,1000,-15.39,1019.54
Boli_vitr,1000,-15.01,1011.49
Boli_vitr,1000,-14.63,1005.86
Boli_vitr,1000,-14.25,964.151
Boli_vitr,1000,-13.87,941.34
Boli_vitr,1000,-13.49,926.018
Boli_vitr,1000,-13.11,673.49
Boli_vitr,1000,-12.73,894.753
Boli_vitr,1000,-12.35,889.85
Boli_vitr,1000,-11.97,457.578
Boli_vitr,1000,-11.59,903.88
Boli_vitr,1000,-11.21,913.959
Boli_vitr,1000,-10.83,937.722
Boli_vitr,1000,-10.45,969.995
Boli_vitr,1000,-10.07,987.29
Boli_vitr,1000,-9.69,985.912
Boli_vitr,1000,-9.31,1009.72
Boli_vitr,1000,-8.93,1010.36
Boli_vitr,1000,-8.55,999.847
Boli_vitr,1000,-8.17,1002.69
Boli_vitr,1000,-7.79,989.045
Boli_vitr,1000,-7.41,965.69
Boli_vitr,1000,-7.03,968.524
Boli_vitr,1000,-6.65,965.018
Boli_vitr,1000,-6.27,939.665
Boli_vitr,1000,-5.89,713.632
Boli_vitr,1000,-5.51,948.706
Boli_vitr,1000,-5.13,930.358
Boli_vitr,1000,-4.75,932.813
Boli_vitr,1000,-4.37,703.025
Boli_vitr,1000,-3.99,463.484
Boli_vitr,1000,-3.61,956.632
Boli_vitr,1000,-3.23,991.409
Boli_vitr,1000,-2.85,1028.49
Boli_vitr,1000,-2.47,1059.3
Boli_vitr,1000,-2.09,1101.63
Boli_vitr,1000,-1.71,1148.84
Boli_vitr,1000,-1.33,1191.89
Boli_vitr,1000,-0.95,1226.71
Boli_vitr,1000,-0.57,1246.59
Boli_vitr,1000,-0.19,1267.12
Boli_vitr,1000,0.19,1252.82
Boli_vitr,1000,0.57,1221.8
Boli_vitr,1000,0.95,1205.84
Boli_vitr,1000,1.33,1175.1
Boli_vitr,1000,1.71,1127.1
Boli_vitr,1000,2.09,1090.66
Boli_vitr,1000,2.47,1046.66
Boli_vitr,1000,2.85,1001.95
Boli_vitr,1000,3.23,983.686
Boli_vitr,1000,3.61,968.031
Boli_vitr,1000,3.99,475.089
Boli_vitr,1000,4.37,697.339
Boli_vitr,1000,4.75,915.058
Boli_vitr,1000,5.13,908.567
Boli_vitr,1000,5.51,925.578
Boli_vitr,1000,5.89,720.977
Boli_vitr,1000,6.27,961.39
Boli_vitr,1000,6.65,971.861
Boli_vitr,1000,7.03,986.33
Boli_vitr,1000,7.41,1006.64
Boli_vitr,1000,7.79,1006.83
Boli_vitr,1000,8.17,1012.7
Boli_vitr,1000,8.55,1019.1
Boli_vitr,1000,8.93,1004.46
Boli_vitr,1000,9.31,991.017
Boli_vitr,1000,9.69,996.365
Boli_vitr,1000,10.07,970.146
Boli_vitr,1000,10.45,939.702
Boli_vitr,1000,10.83,927.152
Boli_vitr,1000,11.21,889.699
Boli_vitr,1000,11.59,883.532
Boli_vitr,1000,11.97,437.443
Boli_vitr,1000,12.35,893.423
Boli_vitr,1000,12.73,904.178
Boli_vitr,1000,13.11,686.001
Boli_vitr,1000,13.49,920.982
Boli_vitr,1000,13.87,941.753
Boli_vitr,1000,14.25,972.226
Boli_vitr,1000,14.63,1033.43
Boli_vitr,1000,15.01,1074.8
Boli_vitr,1000,15.39,1096.54
Boli_vitr,1000,15.77,1090.6
Boli_vitr,1000,16.15,1079.52
Boli_vitr,1000,16.53,1046.55
Boli_vitr,1000,16.91,997.958
Boli_vitr,1000,17.29,949.254
Boli_vitr,1000,17.67,705.019
Boli_vitr,1000,18.05,875.756
Boli_vitr,1000,18.43,849.917
Boli_vitr,1000,18.81,882.417
Boli_vitr,1000,19.19,877.784
Boli_vitr,1000,19.57,863.882
Boli_vitr,1000,19.95,493.459
Boli_vitr,1000,20.33,964.57
Boli_vitr,1000,20.71,982.939
Boli_vitr,1000,21.09,1052.37
Boli_vitr,1000,21.47,1093.55
Boli_vitr,1000,21.85,828.135
Boli_vitr,1000,22.23,1012.41
Boli_vitr,1000,22.61,1031.84
Boli_vitr,1000,22.99,1056.77
Boli_vitr,1000,23.37,990.537
Boli_vitr,1000,23.75,952.784
Boli_vitr,1000,24.13,993.166
Boli_vitr,1000,24.51,1043.68
Boli_vitr,1000,24.89,1003.87
Boli_vitr,1000,25.27,1010.14
Boli_vitr,1000,25.65,981.295
Boli_vitr,1000,26.03,972.644
Boli_vitr,1000,26.41,1019.15
Boli_vitr,1000,26.79,1036.92
Boli_vitr,1000,27.17,1035.93
Boli_vitr,1000,27.55,1015.76
Boli_vitr,1000,27.93,1008.9
Boli_vitr,1000,28.31,1016.08
Boli_vitr,1000,28.69,1023.58
Boli_vitr,1000,29.07,1028.41
Boli_vitr,1000,29.45,1021.13
Boli_vitr,1000,29.83,1023.65
Boli_vitr,1000,30.21,1034.85
Boli_vitr,1000,30.59,1023.22
Boli_vitr,1000,30.97,1015.61
Boli_vitr,1000,31.35,1016.02
Boli_vitr,1000,31.73,1025.31
Boli_vitr,1000,32.11,1019.09
Boli_vitr,1000,32.49,1017.38
Boli_vitr,1000,32.87,1028.41
Boli_vitr,1000,33.25,1012.27
Boli_vitr,1000,33.63,1007.93
Boli_vitr,1000,34.01,1015.7
Boli_vitr,1000,34.39,1011.37
Boli_vitr,1000,34.77,1019.1
Boli_vitr,1000,35.15,1008.08
Boli_vitr,1000,35.53,994.187
Boli_vitr,1000,35.91,1018.19
Boli_vitr,1000,36.29,1018.39
Boli_vitr,1000,36.67,1006.9
Boli_vitr,1000,37.05,1011.19
Boli_vitr,1000,37.43,1010.23
Boli_vitr,1000,37.81,1005.63
Lamp_crue,1,-37.81,0.633
Lamp_crue,1,-37.43,9.508
Lamp_crue,1,-37.05,10.577
Lamp_crue,1,-36.67,15.874
Lamp_crue,1,-36.29,7.957
Lamp_crue,1,-35.91,7.96
Lamp_crue,1,-35.53,3.998
Lamp_crue,1,-35.15,2.881
Lamp_crue,1,-34.77,13.638
Lamp_crue,1,-34.39,11.348
Lamp_crue,1,-34.01,13.754
Lamp_crue,1,-33.63,8.179
Lamp_crue,1,-33.25,12.867
Lamp_crue,1,-32.87,17.943
Lamp_crue,1,-32.49,15.519
Lamp_crue,1,-32.11,31.862
Lamp_crue,1,-31.73,29.513
Lamp_crue,1,-31.35,30.757
Lamp_crue,1,-30.97,29.994
Lamp_crue,1,-30.59,45.634
Lamp_crue,1,-30.21,45.97
Lamp_crue,1,-29.83,42.856
Lamp_crue,1,-29.45,58.9
Lamp_crue,1,-29.07,55.328
Lamp_crue,1,-28.69,62.399
Lamp_crue,1,-28.31,46.406
Lamp_crue,1,-27.93,52.204
Lamp_crue,1,-27.55,38.132
Lamp_crue,1,-27.17,11.205
Lamp_crue,1,-26.79,8.915
Lamp_crue,1,-26.41,-1.154
Lamp_crue,1,-26.03,-4.43
Lamp_crue,1,-25.65,-19.278
Lamp_crue,1,-25.27,-35.107
Lamp_crue,1,-24.89,-58.311
Lamp_crue,1,-24.51,-68.258
Lamp_crue,1,-24.13,-52.335
Lamp_crue,1,-23.75,-50.026
Lamp_crue,1,-23.37,-57.791
Lamp_crue,1,-22.99,-28.673
Lamp_crue,1,-22.61,-34.535
Lamp_crue,1,-22.23,-15.259
Lamp_crue,1,-21.85,37.488
Lamp_crue,1,-21.47,-11.112
Lamp_crue,1,-21.09,-44.736
Lamp_crue,1,-20.71,-42.954
Lamp_crue,1,-20.33,-99.642
Lamp_crue,1,-19.95,-176.083
Lamp_crue,1,-19.57,-211.622
Lamp_crue,1,-19.19,-224.85
Lamp_crue,1,-18.81,-232.55
Lamp_crue,1,-18.43,-240.625
Lamp_crue,1,-18.05,-252.993
Lamp_crue,1,-17.67,-237.333
Lamp_crue,1,-17.29,-228.5
Lamp_crue,1,-16.91,-209.734
Lamp_crue,1,-16.53,-168.964
Lamp_crue,1,-16.15,-118.469
Lamp_crue,1,-15.77,-62.058
Lamp_crue,1,-15.39,-35.363
Lamp_crue,1,-15.01,22.969
Lamp_crue,1,-14.63,47.945
Lamp_crue,1,-14.25,41.215
Lamp_crue,1,-13.87,65.114
Lamp_crue,1,-13.49,58.555
Lamp_crue,1,-13.11,45.043
Lamp_crue,1,-12.73,53.447
Lamp_crue,1,-12.35,60.937
Lamp_crue,1,-11.97,55.118
Lamp_crue,1,-11.59,50.376
Lamp_crue,1,-11.21,50.437
Lamp_crue,1,-10.83,69.423
Lamp_crue,1,-10.45,81.487
Lamp_crue,1,-10.07,90.351
Lamp_crue,1,-9.69,93.73
Lamp_crue,1,-9.31,94.016
Lamp_crue,1,-8.93,108.285
Lamp_crue,1,-8.55,98.009
Lamp_crue,1,-8.17,83.363
Lamp_crue,1,-7.79,75.913
Lamp_crue,1,-7.41,71.53
Lamp_crue,1,-7.03,62.68
Lamp_crue,1,-6.65,47.026
Lamp_crue,1,-6.27,27.385
Lamp_crue,1,-5.89,13.516
Lamp_crue,1,-5.51,2.914
Lamp_crue,1,-5.13,-12.66
Lamp_crue,1,-4.75,-2.082
Lamp_crue,1,-4.37,2.694
Lamp_crue,1,-3.99,-1.476
Lamp_crue,1,-3.61,17.955
Lamp_crue,1,-3.23,31.77
Lamp_crue,1,-2.85,47.837
Lamp_crue,1,-2.47,65.167
Lamp_crue,1,-2.09,72.552
Lamp_crue,1,-1.71,92.993
Lamp_crue,1,-1.33,119.668
Lamp_crue,1,-0.95,139.185
Lamp_crue,1,-0.57,149.16
Lamp_crue,1,-0.19,155.784
Lamp_crue,1,0.19,164.652
Lamp_crue,1,0.57,159.318
Lamp_crue,1,0.95,140.872
Lamp_crue,1,1.33,118.896
Lamp_crue,1,1.71,104.725
Lamp_crue,1,2.09,89.375
Lamp_crue,1,2.47,60.07
Lamp_crue,1,2.85,29.162
Lamp_crue,1,3.23,25.917
Lamp_crue,1,3.61,14.137
Lamp_crue,1,3.99,4.777
Lamp_crue,1,4.37,5.747
Lamp_crue,1,4.75,6.279
Lamp_crue,1,5.13,13.221
Lamp_crue,1,5.51,13.909
Lamp_crue,1,5.89,22.034
Lamp_crue,1,6.27,26.956
Lamp_crue,1,6.65,39.995
Lamp_crue,1,7.03,48.9
Lamp_crue,1,7.41,56.333
Lamp_crue,1,7.79,78.494
Lamp_crue,1,8.17,77.376
Lamp_crue,1,8.55,80.168
Lamp_crue,1,8.93,102.242
Lamp_crue,1,9.31,114.637
Lamp_crue,1,9.69,107.668
Lamp_crue,1,10.07,94.241
Lamp_crue,1,10.45,86.814
Lamp_crue,1,10.83,68.171
Lamp_crue,1,11.21,70.405
Lamp_crue,1,11.59,59.76
Lamp_crue,1,11.97,46.41
Lamp_crue,1,12.35,60.638
Lamp_crue,1,12.73,64.9
Lamp_crue,1,13.11,62.419
Lamp_crue,1,13.49,56.406
Lamp_crue,1,13.87,44.992
Lamp_crue,1,14.25,25.506
Lamp_crue,1,14.63,19.029
Lamp_crue,1,15.01,4.088
Lamp_crue,1,15.39,-9.525
Lamp_crue,1,15.77,-30.778
Lamp_crue,1,16.15,-93.733
Lamp_crue,1,16.53,-141.703
Lamp_crue,1,16.91,-189.478
Lamp_crue,1,17.29,-221.916
Lamp_crue,1,17.67,-241.726
Lamp_crue,1,18.05,-274.859
Lamp_crue,1,18.43,-298.419
Lamp_crue,1,18.81,-266.005
Lamp_crue,1,19.19,-234.638
Lamp_crue,1,19.57,-200.942
Lamp_crue,1,19.95,-132.623
Lamp_crue,1,20.33,-87.087
Lamp_crue,1,20.71,-48.173
Lamp_crue,1,21.09,-26.503
Lamp_crue,1,21.47,-14.607
Lamp_crue,1,21.85,-13.384
Lamp_crue,1,22.23,-43.373
Lamp_crue,1,22.61,-51.23
Lamp_crue,1,22.99,-4.039
Lamp_crue,1,23.37,15.859
Lamp_crue,1,23.75,-33.986
Lamp_crue,1,24.13,-66.821
Lamp_crue,1,24.51,-66.146
Lamp_crue,1,24.89,-51.407
Lamp_crue,1,25.27,-49.761
Lamp_crue,1,25.65,-32.615
Lamp_crue,1,26.03,-3.192
Lamp_crue,1,26.41,0.585
Lamp_crue,1,26.79,11.537
Lamp_crue,1,27.17,23.324
Lamp_crue,1,27.55,43.855
Lamp_crue,1,27.93,50.405
Lamp_crue,1,28.31,63.397
Lamp_crue,1,28.69,61.097
Lamp_crue,1,29.07,47.993
Lamp_crue,1,29.45,56.401
Lamp_crue,1,29.83,47.392
Lamp_crue,1,30.21,37.405
Lamp_crue,1,30.59,43.051
Lamp_crue,1,30.97,39.49
Lamp_crue,1,31.35,38.722
Lamp_crue,1,31.73,33.501
Lamp_crue,1,32.11,16.632
Lamp_crue,1,32.49,12.086
Lamp_crue,1,32.87,7.142
Lamp_crue,1,33.25,11.32
Lamp_crue,1,33.63,25.972
Lamp_crue,1,34.01,16.516
Lamp_crue,1,34.39,0.044
Lamp_crue,1,34.77,4.406
Lamp_crue,1,35.15,10.154
Lamp_crue,1,35.53,9.539
Lamp_crue,1,35.91,12.772
Lamp_crue,1,36.29,10.894
Lamp_crue,1,36.67,4.052
Lamp_crue,1,37.05,7.22
Lamp_crue,1,37.43,12.134
Lamp_crue,1,37.81,-0.516
Lamp_crue,1000,-37.81,1000.29
Lamp_crue,1000,-37.43,1011.37
Lamp_crue,1000,-37.05,1013.15
Lamp_crue,1000,-36.67,999.523
Lamp_crue,1000,-36.29,1006.5
Lamp_crue,1000,-35.91,1004.92
Lamp_crue,1000,-35.53,1008.69
Lamp_crue,1000,-35.15,1021.45
Lamp_crue,1000,-34.77,1009.16
Lamp_crue,1000,-34.39,1002.65
Lamp_crue,1000,-34.01,1011.09
Lamp_crue,1000,-33.63,1013.26
Lamp_crue,1000,-33.25,1003.97
Lamp_crue,1000,-32.87,1006.18
Lamp_crue,1000,-32.49,1013.03
Lamp_crue,1000,-32.11,988.567
Lamp_crue,1000,-31.73,999.852
Lamp_crue,1000,-31.35,1030.08
Lamp_crue,1000,-30.97,1035.37
Lamp_crue,1000,-30.59,1038.4
Lamp_crue,1000,-30.21,1045.3
Lamp_crue,1000,-29.83,1042.86
Lamp_crue,1000,-29.45,1035.17
Lamp_crue,1000,-29.07,1056.76
Lamp_crue,1000,-28.69,1065.56
Lamp_crue,1000,-28.31,1039.1
Lamp_crue,1000,-27.93,1033.05
Lamp_crue,1000,-27.55,1040.42
Lamp_crue,1000,-27.17,1033.31
Lamp_crue,1000,-26.79,1019.92
Lamp_crue,1000,-26.41,977.171
Lamp_crue,1000,-26.03,945.188
Lamp_crue,1000,-25.65,952.529
Lamp_crue,1000,-25.27,930.838
Lamp_crue,1000,-24.89,929.63
Lamp_crue,1000,-24.51,926.72
Lamp_crue,1000,-24.13,929.007
Lamp_crue,1000,-23.75,988.192
Lamp_crue,1000,-23.37,1013.17
Lamp_crue,1000,-22.99,999.812
Lamp_crue,1000,-22.61,1022.71
Lamp_crue,1000,-22.23,1037.07
Lamp_crue,1000,-21.85,1042.88
Lamp_crue,1000,-21.47,1078.78
Lamp_crue,1000,-21.09,1036.71
Lamp_crue,1000,-20.71,991.916
Lamp_crue,1000,-20.33,958.277
Lamp_crue,1000,-19.95,867.611
Lamp_crue,1000,-19.57,787.309
Lamp_crue,1000,-19.19,773.877
Lamp_crue,1000,-18.81,759.906
Lamp_crue,1000,-18.43,760.061
Lamp_crue,1000,-18.05,746.633
Lamp_crue,1000,-17.67,754.849
Lamp_crue,1000,-17.29,794.336
Lamp_crue,1000,-16.91,818.159
Lamp_crue,1000,-16.53,874.199
Lamp_crue,1000,-16.15,916.584
Lamp_crue,1000,-15.77,952.609
Lamp_crue,1000,-15.39,969.927
Lamp_crue,1000,-15.01,996.71
Lamp_crue,1000,-14.63,1007.35
Lamp_crue,1000,-14.25,1031.37
Lamp_crue,1000,-13.87,1036.14
Lamp_crue,1000,-13.49,1024.19
Lamp_crue,1000,-13.11,1035.82
Lamp_crue,1000,-12.73,1043.8
Lamp_crue,1000,-12.35,1046.6
Lamp_crue,1000,-11.97,1055.96
Lamp_crue,1000,-11.59,1064.68
Lamp_crue,1000,-11.21,1059.77
Lamp_crue,1000,-10.83,1073.98
Lamp_crue,1000,-10.45,1086.31
Lamp_crue,1000,-10.07,1088.24
Lamp_crue,1000,-9.69,1087.4
Lamp_crue,1000,-9.31,1079.86
Lamp_crue,1000,-8.93,1079.73
Lamp_crue,1000,-8.55,1085.18
Lamp_crue,1000,-8.17,1078.89
Lamp_crue,1000,-7.79,1057.93
Lamp_crue,1000,-7.41,1046.82
Lamp_crue,1000,-7.03,1040.17
Lamp_crue,1000,-6.65,1030.95
Lamp_crue,1000,-6.27,1019.12
Lamp_crue,1000,-5.89,1000.61
Lamp_crue,1000,-5.51,992.936
Lamp_crue,1000,-5.13,984.838
Lamp_crue,1000,-4.75,976.66
Lamp_crue,1000,-4.37,977.759
Lamp_crue,1000,-3.99,987.327
Lamp_crue,1000,-3.61,1001.91
Lamp_crue,1000,-3.23,1021.38
Lamp_crue,1000,-2.85,1030.6
Lamp_crue,1000,-2.47,1038.45
Lamp_crue,1000,-2.09,1053.08
Lamp_crue,1000,-1.71,1078.05
Lamp_crue,1000,-1.33,1105.85
Lamp_crue,1000,-0.95,1136.64
Lamp_crue,1000,-0.57,1155.16
Lamp_crue,1000,-0.19,1149.81
Lamp_crue,1000,0.19,1148.06
Lamp_crue,1000,0.57,1141.26
Lamp_crue,1000,0.95,1128.15
Lamp_crue,1000,1.33,1103.51
Lamp_crue,1000,1.71,1081.93
Lamp_crue,1000,2.09,1054.37
Lamp_crue,1000,2.47,1023.2
Lamp_crue,1000,2.85,1015.86
Lamp_crue,1000,3.23,1006.33
Lamp_crue,1000,3.61,999.615
Lamp_crue,1000,3.99,996.689
Lamp_crue,1000,4.37,986.491
Lamp_crue,1000,4.75,989.097
Lamp_crue,1000,5.13,977.139
Lamp_crue,1000,5.51,974.924
Lamp_crue,1000,5.89,1003.04
Lamp_crue,1000,6.27,1013.04
Lamp_crue,1000,6.65,1031.65
Lamp_crue,1000,7.03,1058.13
Lamp_crue,1000,7.41,1063.53
Lamp_crue,1000,7.79,1071.63
Lamp_crue,1000,8.17,1088.87
Lamp_crue,1000,8.55,1099.45
Lamp_crue,1000,8.93,1102.46
Lamp_crue,1000,9.31,1101.98
Lamp_crue,1000,9.69,1096.53
Lamp_crue,1000,10.07,1071.12
Lamp_crue,1000,10.45,1075.41
Lamp_crue,1000,10.83,1074.92
Lamp_crue,1000,11.21,1049.76
Lamp_crue,1000,11.59,1038.47
Lamp_crue,1000,11.97,1043.11
Lamp_crue,1000,12.35,1049
Lamp_crue,1000,12.73,1050.99
Lamp_crue,1000,13.11,1055.04
Lamp_crue,1000,13.49,1054.47
Lamp_crue,1000,13.87,1068.21
Lamp_crue,1000,14.25,1054.67
Lamp_crue,1000,14.63,1046.47
Lamp_crue,1000,15.01,1038.69
Lamp_crue,1000,15.39,1009.42
Lamp_crue,1000,15.77,951.879
Lamp_crue,1000,16.15,899.475
Lamp_crue,1000,16.53,874.581
Lamp_crue,1000,16.91,799.048
Lamp_crue,1000,17.29,754.911
Lamp_crue,1000,17.67,773
Lamp_crue,1000,18.05,760.919
Lamp_crue,1000,18.43,733.31
Lamp_crue,1000,18.81,736.336
Lamp_crue,1000,19.19,770.021
Lamp_crue,1000,19.57,821.725
Lamp_crue,1000,19.95,881.763
Lamp_crue,1000,20.33,931.043
Lamp_crue,1000,20.71,958.714
Lamp_crue,1000,21.09,969.557
Lamp_crue,1000,21.47,1019.86
Lamp_crue,1000,21.85,1053.29
Lamp_crue,1000,22.23,1041.88
Lamp_crue,1000,22.61,1038.15
Lamp_crue,1000,22.99,1011.28
Lamp_crue,1000,23.37,976.417
Lamp_crue,1000,23.75,992.181
Lamp_crue,1000,24.13,972.545
Lamp_crue,1000,24.51,914.571
Lamp_crue,1000,24.89,959.195
Lamp_crue,1000,25.27,976.697
Lamp_crue,1000,25.65,946.247
Lamp_crue,1000,26.03,947.586
Lamp_crue,1000,26.41,968.738
Lamp_crue,1000,26.79,1001.74
Lamp_crue,1000,27.17,1024.8
Lamp_crue,1000,27.55,1045.28
Lamp_crue,1000,27.93,1049.23
Lamp_crue,1000,28.31,1040.45
Lamp_crue,1000,28.69,1040.94
Lamp_crue,1000,29.07,1045.07
Lamp_crue,1000,29.45,1056.76
Lamp_crue,1000,29.83,1057.88
Lamp_crue,1000,30.21,1039.02
Lamp_crue,1000,30.59,1045.2
Lamp_crue,1000,30.97,1044.35
Lamp_crue,1000,31.35,1037.33
Lamp_crue,1000,31.73,1021.93
Lamp_crue,1000,32.11,1049.44
Lamp_crue,1000,32.49,1045.49
Lamp_crue,1000,32.87,1004.82
Lamp_crue,1000,33.25,1011.41
Lamp_crue,1000,33.63,1010.03
Lamp_crue,1000,34.01,1015.81
Lamp_crue,1000,34.39,1014.71
Lamp_crue,1000,34.77,1011.58
Lamp_crue,1000,35.15,1008.38
Lamp_crue,1000,35.53,1010.49
Lamp_crue,1000,35.91,1004.8
Lamp_crue,1000,36.29,1004.89
Lamp_crue,1000,36.67,1014.76
Lamp_crue,1000,37.05,1013.71
Lamp_crue,1000,37.43,1003.68
Lamp_crue,1000,37.81,1001.81